Source Port,Destination Port,Protocol,Flow Duration,Total Fwd Packets,Total Backward Packets,Total Length of Fwd Packets,Total Length of Bwd Packets,Fwd Packet Length Max,Fwd Packet Length Min,Fwd Packet Length Mean,Fwd Packet Length Std,Bwd Packet Length Max,Bwd Packet Length Min,Bwd Packet Length Mean,Bwd Packet Length Std,Flow Bytes/s,Flow Packets/s,Flow IAT Mean,Flow IAT Std,Flow IAT Max,Flow IAT Min,Fwd IAT Total,Fwd IAT Mean,Fwd IAT Std,Fwd IAT Max,Fwd IAT Min,Bwd IAT Total,Bwd IAT Mean,Bwd IAT Std,Bwd IAT Max,Bwd IAT Min,Fwd PSH Flags,Bwd PSH Flags,Fwd URG Flags,Bwd URG Flags,Fwd Header Length,Bwd Header Length,Fwd Packets/s,Bwd Packets/s,Min Packet Length,Max Packet Length,Packet Length Mean,Packet Length Std,Packet Length Variance,FIN Flag Count,SYN Flag Count,RST Flag Count,PSH Flag Count,ACK Flag Count,URG Flag Count,CWE Flag Count,ECE Flag Count,Down/Up Ratio,Average Packet Size,Avg Fwd Segment Size,Avg Bwd Segment Size,Fwd Avg Bytes/Bulk,Fwd Avg Packets/Bulk,Fwd Avg Bulk Rate,Bwd Avg Bytes/Bulk,Bwd Avg Packets/Bulk,Bwd Avg Bulk Rate,Subflow Fwd Packets,Subflow Fwd Bytes,Subflow Bwd Packets,Subflow Bwd Bytes,Init Win Bytes Fwd,Init Win Bytes Bwd,Act Data Pkt Fwd,Min Seg Size Fwd,Active Mean,Active Std,Active Max,Active Min,Idle Mean,Idle Std,Idle Max,Idle Min,Label
1215,53,17,757,1,1,37,335,37,37,37,0,335,335,335,0,4914134742,2642007926,757,0,757,757,0,0,0,0,0,0,0,0,0,0,0,0,0,0,8,8,1321003963,1321003963,37,335,1363333333,1720503802,2960133333,0,0,0,0,0,0,0,0,1,9,37,335,0,0,0,0,0,0,1,37,1,335,-1,-1,0,8,0,0,0,0,0,0,0,0,adware
68,67,17,32916,1,1,314,300,314,314,314,0,300,300,300,0,1865354235,6076072427,32916,0,32916,32916,0,0,0,0,0,0,0,0,0,0,0,0,0,0,8,8,3038036213,3038036213,300,314,3093333333,8082903769,6533333333,0,0,0,0,0,0,0,0,1,464,314,300,0,0,0,0,0,0,1,314,1,300,-1,-1,0,8,0,0,0,0,0,0,0,0,adware
60840,80,6,4930001,2,0,0,0,0,0,0,0,0,0,0,0,0,0.405679431,4930001,0,4930001,4930001,4930001,4930001,0,4930001,4930001,0,0,0,0,0,0,0,0,0,40,0,0.405679431,0,0,0,0,0,0,0,0,0,0,1,1,0,0,0,0,0,0,0,0,0,0,0,0,2,0,0,0,1386,-1,0,20,0,0,0,0,0,0,0,0,GeneralMalware
60955,443,6,8717253,28,46,966,51714,618,0,1,122007134,1338,0,1124217391,448376177,6043188147,8488912734,1194144247,9984550049,8533001,2,8717253,3228612222,1640890954,8533001,2,174439,3876422222,1341340206,73637,2,0,0,0,0,904,1480,3212021035,52768917,0,1338,29,6432334073,4137492162,0,0,0,1,0,0,0,0,1,7118918919,1,1124217391,0,0,0,0,0,0,28,966,46,51714,65535,978,4,32,184250,0,184250,184250,8533001,0,8533001,8533001,benign
60572,5228,6,44994,2,1,35,33,35,0,1,2474873734,33,33,33,0,1511312619,6667555674,22497,2833942558,42536,2458,44994,44994,0,44994,44994,0,0,0,0,0,1,0,0,0,64,32,4445037116,2222518558,0,35,25.75,1719253714,2955833333,0,1,0,0,1,0,0,0,0,3433333333,1,33,0,0,0,0,0,0,2,35,1,33,1589,349,0,32,0,0,0,0,0,0,0,0,GeneralMalware
5353,5353,17,2011998,3,0,183,0,61,61,61,0,0,0,0,0,9095436477,149105516,1005999,9847451878,1075631,936367,2011998,1005999,9847451878,1075631,936367,0,0,0,0,0,0,0,0,0,24,0,149105516,0,61,61,61,0,0,0,0,0,0,0,0,0,0,0,8133333333,61,0,0,0,0,0,0,0,3,183,0,0,-1,-1,2,8,0,0,0,0,0,0,0,0,benign
60815,8001,6,3184000,2,0,0,0,0,0,0,0,0,0,0,0,0,0.628140704,3184000,0,3184000,3184000,3184000,3184000,0,3184000,3184000,0,0,0,0,0,0,0,0,0,64,0,0.628140704,0,0,0,0,0,0,0,0,0,0,1,1,0,0,0,0,0,0,0,0,0,0,0,0,2,0,0,0,1386,-1,0,32,0,0,0,0,0,0,0,0,adware
41988,8035,6,648379,2,1,12,12,12,0,6,8485281374,12,12,12,0,3701538761,4626923451,324189.5,6086280198,367226,281153,648379,648379,0,648379,648379,0,0,0,0,0,1,0,0,0,64,32,3084615634,1542307817,0,12,9,6,36,0,1,0,0,1,0,0,0,0,12,6,12,0,0,0,0,0,0,2,12,1,12,1360,2499,0,32,0,0,0,0,0,0,0,0,benign
59321,10443,6,84479,1,1,0,0,0,0,0,0,0,0,0,0,0,2367452266,84479,0,84479,84479,0,0,0,0,0,0,0,0,0,0,0,0,0,0,40,20,1183726133,1183726133,0,0,0,0,0,0,0,0,1,0,0,0,0,1,0,0,0,0,0,0,0,0,0,1,0,1,0,65535,0,0,40,0,0,0,0,0,0,0,0,GeneralMalware
443,32977,6,14,2,0,0,0,0,0,0,0,0,0,0,0,0,1428571429,14,0,14,14,14,14,0,14,14,0,0,0,0,0,0,0,0,0,64,0,1428571429,0,0,0,0,0,0,0,0,0,0,1,0,0,0,0,0,0,0,0,0,0,0,0,0,2,0,0,0,350,-1,0,32,0,0,0,0,0,0,0,0,benign
443,33016,6,22,3,0,31,0,31,0,1033333333,1789785834,0,0,0,0,1409090909,1363636364,11,1414213562,12,10,22,11,1414213562,12,10,0,0,0,0,0,0,0,0,0,96,0,1363636364,0,0,31,0,1,10,0,0,0,0,1,0,0,0,0,1033333333,1033333333,0,0,0,0,0,0,0,3,31,0,0,76,-1,1,32,0,0,0,0,0,0,0,0,benign
8001,33052,6,290984,1,1,0,0,0,0,0,0,0,0,0,0,0,6873230143,290984,0,290984,290984,0,0,0,0,0,0,0,0,0,0,0,0,0,0,32,32,3436615072,3436615072,0,0,0,0,0,0,0,0,0,1,1,0,0,1,0,0,0,0,0,0,0,0,0,1,0,1,0,61,1386,0,32,0,0,0,0,0,0,0,0,adware
443,33076,6,12404,2,0,0,0,0,0,0,0,0,0,0,0,0,1612383102,12404,0,12404,12404,12404,12404,0,12404,12404,0,0,0,0,0,0,0,0,0,64,0,1612383102,0,0,0,0,0,0,0,0,0,0,1,0,0,0,0,0,0,0,0,0,0,0,0,0,2,0,0,0,404,-1,0,32,0,0,0,0,0,0,0,0,benign
443,33388,6,15488,2,0,0,0,0,0,0,0,0,0,0,0,0,1291322314,15488,0,15488,15488,15488,15488,0,15488,15488,0,0,0,0,0,0,0,0,0,64,0,1291322314,0,0,0,0,0,0,0,0,0,0,1,0,0,0,0,0,0,0,0,0,0,0,0,0,2,0,0,0,404,-1,0,32,0,0,0,0,0,0,0,0,benign
443,33537,6,12195,2,0,0,0,0,0,0,0,0,0,0,0,0,16400164,12195,0,12195,12195,12195,12195,0,12195,12195,0,0,0,0,0,0,0,0,0,64,0,16400164,0,0,0,0,0,0,0,0,0,0,1,0,0,0,0,0,0,0,0,0,0,0,0,0,2,0,0,0,404,-1,0,32,0,0,0,0,0,0,0,0,benign
80,33663,6,2540,1,1,0,0,0,0,0,0,0,0,0,0,0,7874015748,2540,0,2540,2540,0,0,0,0,0,0,0,0,0,0,0,0,0,0,20,20,3937007874,3937007874,0,0,0,0,0,0,0,0,0,1,1,0,0,1,0,0,0,0,0,0,0,0,0,1,0,1,0,16,1386,0,20,0,0,0,0,0,0,0,0,GeneralMalware
443,33869,6,10512,2,0,0,0,0,0,0,0,0,0,0,0,0,1902587519,10512,0,10512,10512,10512,10512,0,10512,10512,0,0,0,0,0,0,0,0,0,64,0,1902587519,0,0,0,0,0,0,0,0,0,0,1,0,0,0,0,0,0,0,0,0,0,0,0,0,2,0,0,0,404,-1,0,32,0,0,0,0,0,0,0,0,benign
443,33926,6,6744,2,0,0,0,0,0,0,0,0,0,0,0,0,2965599051,6744,0,6744,6744,6744,6744,0,6744,6744,0,0,0,0,0,0,0,0,0,64,0,2965599051,0,0,0,0,0,0,0,0,0,0,1,0,0,0,0,0,0,0,0,0,0,0,0,0,2,0,0,0,404,-1,0,32,0,0,0,0,0,0,0,0,benign
8001,33935,6,427369,2,1,0,0,0,0,0,0,0,0,0,0,0,7019694924,213684.5,1020644999,285855,141514,141514,141514,0,141514,141514,0,0,0,0,0,0,0,0,0,64,44,4679796616,2339898308,0,0,0,0,0,0,0,0,0,1,1,0,0,0,0,0,0,0,0,0,0,0,0,2,0,1,0,61,1386,0,32,0,0,0,0,0,0,0,0,adware
80,34137,6,3457,1,1,0,0,0,0,0,0,0,0,0,0,0,5785363032,3457,0,3457,3457,0,0,0,0,0,0,0,0,0,0,0,0,0,0,20,32,2892681516,2892681516,0,0,0,0,0,0,0,0,0,1,1,0,0,1,0,0,0,0,0,0,0,0,0,1,0,1,0,16,1386,0,20,0,0,0,0,0,0,0,0,GeneralMalware
443,34169,6,12,2,0,0,0,0,0,0,0,0,0,0,0,0,1666666667,12,0,12,12,12,12,0,12,12,0,0,0,0,0,0,0,0,0,40,0,1666666667,0,0,0,0,0,0,1,0,0,0,0,0,0,0,0,0,0,0,0,0,0,0,0,0,2,0,0,0,0,-1,0,20,0,0,0,0,0,0,0,0,GeneralMalware
8001,34242,6,390524,1,1,0,0,0,0,0,0,0,0,0,0,0,512132417,390524,0,390524,390524,0,0,0,0,0,0,0,0,0,0,0,0,0,0,32,32,2560662085,2560662085,0,0,0,0,0,0,0,0,0,1,1,0,0,1,0,0,0,0,0,0,0,0,0,1,0,1,0,61,1386,0,32,0,0,0,0,0,0,0,0,adware
443,34617,6,12,2,0,0,0,0,0,0,0,0,0,0,0,0,1666666667,12,0,12,12,12,12,0,12,12,0,0,0,0,0,0,0,0,0,64,0,1666666667,0,0,0,0,0,0,0,0,0,0,1,0,0,0,0,0,0,0,0,0,0,0,0,0,2,0,0,0,243,-1,0,32,0,0,0,0,0,0,0,0,GeneralMalware
8001,34709,6,397852,1,1,0,0,0,0,0,0,0,0,0,0,0,5026994963,397852,0,397852,397852,0,0,0,0,0,0,0,0,0,0,0,0,0,0,32,32,2513497481,2513497481,0,0,0,0,0,0,0,0,0,1,1,0,0,1,0,0,0,0,0,0,0,0,0,1,0,1,0,61,1386,0,32,0,0,0,0,0,0,0,0,adware
80,34917,6,9401,1,1,0,0,0,0,0,0,0,0,0,0,0,2127433252,9401,0,9401,9401,0,0,0,0,0,0,0,0,0,0,0,0,0,0,20,20,1063716626,1063716626,0,0,0,0,0,0,0,0,0,1,1,0,0,1,0,0,0,0,0,0,0,0,0,1,0,1,0,16,1386,0,20,0,0,0,0,0,0,0,0,GeneralMalware
443,35163,6,2383,2,0,0,0,0,0,0,0,0,0,0,0,0,8392782207,2383,0,2383,2383,2383,2383,0,2383,2383,0,0,0,0,0,0,0,0,0,64,0,8392782207,0,0,0,0,0,0,0,0,0,0,1,0,0,0,0,0,0,0,0,0,0,0,0,0,2,0,0,0,298,-1,0,32,0,0,0,0,0,0,0,0,GeneralMalware
8001,35174,6,461024,1,1,0,0,0,0,0,0,0,0,0,0,0,4338168946,461024,0,461024,461024,0,0,0,0,0,0,0,0,0,0,0,0,0,0,32,32,2169084473,2169084473,0,0,0,0,0,0,0,0,0,1,1,0,0,1,0,0,0,0,0,0,0,0,0,1,0,1,0,61,1386,0,32,0,0,0,0,0,0,0,0,adware
443,35279,6,13,2,0,0,0,0,0,0,0,0,0,0,0,0,1538461538,13,0,13,13,13,13,0,13,13,0,0,0,0,0,0,0,0,0,64,0,1538461538,0,0,0,0,0,0,0,0,0,0,1,0,0,0,0,0,0,0,0,0,0,0,0,0,2,0,0,0,425,-1,0,32,0,0,0,0,0,0,0,0,benign
80,35398,6,30258,1,1,0,0,0,0,0,0,0,0,0,0,0,6609822196,30258,0,30258,30258,0,0,0,0,0,0,0,0,0,0,0,0,0,0,20,32,3304911098,3304911098,0,0,0,0,0,0,0,0,0,1,1,0,0,1,0,0,0,0,0,0,0,0,0,1,0,1,0,16,1386,0,20,0,0,0,0,0,0,0,0,GeneralMalware
443,35441,6,10118,2,0,0,0,0,0,0,0,0,0,0,0,0,1976675232,10118,0,10118,10118,10118,10118,0,10118,10118,0,0,0,0,0,0,0,0,0,64,0,1976675232,0,0,0,0,0,0,0,0,0,0,1,0,0,0,0,0,0,0,0,0,0,0,0,0,2,0,0,0,404,-1,0,32,0,0,0,0,0,0,0,0,benign
8001,35473,6,7326,1,1,0,0,0,0,0,0,0,0,0,0,0,273000273,7326,0,7326,7326,0,0,0,0,0,0,0,0,0,0,0,0,0,0,32,32,1365001365,1365001365,0,0,0,0,0,0,0,0,0,1,1,0,0,1,0,0,0,0,0,0,0,0,0,1,0,1,0,61,1386,0,32,0,0,0,0,0,0,0,0,adware
8001,35517,6,382106,1,1,0,0,0,0,0,0,0,0,0,0,0,5234149686,382106,0,382106,382106,0,0,0,0,0,0,0,0,0,0,0,0,0,0,32,32,2617074843,2617074843,0,0,0,0,0,0,0,0,0,1,1,0,0,1,0,0,0,0,0,0,0,0,0,1,0,1,0,61,1386,0,32,0,0,0,0,0,0,0,0,adware
443,35634,6,10074,2,0,0,0,0,0,0,0,0,0,0,0,0,1985308716,10074,0,10074,10074,10074,10074,0,10074,10074,0,0,0,0,0,0,0,0,0,64,0,1985308716,0,0,0,0,0,0,0,0,0,0,1,0,0,0,0,0,0,0,0,0,0,0,0,0,2,0,0,0,404,-1,0,32,0,0,0,0,0,0,0,0,benign
443,35892,6,8790,2,0,0,0,0,0,0,0,0,0,0,0,0,2275312856,8790,0,8790,8790,8790,8790,0,8790,8790,0,0,0,0,0,0,0,0,0,64,0,2275312856,0,0,0,0,0,0,0,0,0,0,1,0,0,0,0,0,0,0,0,0,0,0,0,0,2,0,0,0,404,-1,0,32,0,0,0,0,0,0,0,0,benign
443,35991,6,4790,2,0,0,0,0,0,0,0,0,0,0,0,0,4175365344,4790,0,4790,4790,4790,4790,0,4790,4790,0,0,0,0,0,0,0,0,0,64,0,4175365344,0,0,0,0,0,0,0,0,0,0,1,0,0,0,0,0,0,0,0,0,0,0,0,0,2,0,0,0,404,-1,0,32,0,0,0,0,0,0,0,0,benign
8001,36023,6,379939,1,1,0,0,0,0,0,0,0,0,0,0,0,5264002906,379939,0,379939,379939,0,0,0,0,0,0,0,0,0,0,0,0,0,0,32,32,2632001453,2632001453,0,0,0,0,0,0,0,0,0,1,1,0,0,1,0,0,0,0,0,0,0,0,0,1,0,1,0,61,1386,0,32,0,0,0,0,0,0,0,0,adware
443,36047,6,10189,2,0,0,0,0,0,0,0,0,0,0,0,0,1962901168,10189,0,10189,10189,10189,10189,0,10189,10189,0,0,0,0,0,0,0,0,0,64,0,1962901168,0,0,0,0,0,0,0,0,0,0,1,0,0,0,0,0,0,0,0,0,0,0,0,0,2,0,0,0,404,-1,0,32,0,0,0,0,0,0,0,0,benign
8001,36058,6,340408,1,1,0,0,0,0,0,0,0,0,0,0,0,5875302578,340408,0,340408,340408,0,0,0,0,0,0,0,0,0,0,0,0,0,0,32,32,2937651289,2937651289,0,0,0,0,0,0,0,0,0,1,1,0,0,1,0,0,0,0,0,0,0,0,0,1,0,1,0,61,1386,0,32,0,0,0,0,0,0,0,0,adware
443,36208,6,8999,2,0,0,0,0,0,0,0,0,0,0,0,0,2222469163,8999,0,8999,8999,8999,8999,0,8999,8999,0,0,0,0,0,0,0,0,0,64,0,2222469163,0,0,0,0,0,0,0,0,0,0,1,0,0,0,0,0,0,0,0,0,0,0,0,0,2,0,0,0,404,-1,0,32,0,0,0,0,0,0,0,0,benign
80,36735,6,45066,1,1,0,0,0,0,0,0,0,0,0,0,0,4437935472,45066,0,45066,45066,0,0,0,0,0,0,0,0,0,0,0,0,0,0,20,32,2218967736,2218967736,0,0,0,0,0,0,0,0,0,1,1,0,0,1,0,0,0,0,0,0,0,0,0,1,0,1,0,16,1386,0,20,0,0,0,0,0,0,0,0,GeneralMalware
443,36775,6,36685,2,0,0,0,0,0,0,0,0,0,0,0,0,5451819545,36685,0,36685,36685,36685,36685,0,36685,36685,0,0,0,0,0,0,0,0,0,64,0,5451819545,0,0,0,0,0,0,0,0,0,0,1,0,0,0,0,0,0,0,0,0,0,0,0,0,2,0,0,0,404,-1,0,32,0,0,0,0,0,0,0,0,benign
443,36788,6,10086,2,0,0,0,0,0,0,0,0,0,0,0,0,1982946659,10086,0,10086,10086,10086,10086,0,10086,10086,0,0,0,0,0,0,0,0,0,64,0,1982946659,0,0,0,0,0,0,0,0,0,0,1,0,0,0,0,0,0,0,0,0,0,0,0,0,2,0,0,0,404,-1,0,32,0,0,0,0,0,0,0,0,benign
80,36924,6,8197,1,1,0,0,0,0,0,0,0,0,0,0,0,2439917043,8197,0,8197,8197,0,0,0,0,0,0,0,0,0,0,0,0,0,0,20,20,1219958521,1219958521,0,0,0,0,0,0,0,0,0,1,1,0,0,1,0,0,0,0,0,0,0,0,0,1,0,1,0,16,1386,0,20,0,0,0,0,0,0,0,0,GeneralMalware
8001,37038,6,5967,1,1,0,0,0,0,0,0,0,0,0,0,0,3351768058,5967,0,5967,5967,0,0,0,0,0,0,0,0,0,0,0,0,0,0,32,32,1675884029,1675884029,0,0,0,0,0,0,0,0,0,1,1,0,0,1,0,0,0,0,0,0,0,0,0,1,0,1,0,61,1386,0,32,0,0,0,0,0,0,0,0,adware
443,37091,6,12907,2,0,0,0,0,0,0,0,0,0,0,0,0,1549546758,12907,0,12907,12907,12907,12907,0,12907,12907,0,0,0,0,0,0,0,0,0,64,0,1549546758,0,0,0,0,0,0,0,0,0,0,1,0,0,0,0,0,0,0,0,0,0,0,0,0,2,0,0,0,404,-1,0,32,0,0,0,0,0,0,0,0,benign
443,37591,6,201,2,0,31,0,31,0,1,2192031022,0,0,0,0,1542288557,9950248756,201,0,201,201,201,201,0,201,201,0,0,0,0,0,1,0,0,0,64,0,9950248756,0,0,31,2066666667,1789785834,3203333333,0,1,0,0,1,0,0,0,0,31,1,0,0,0,0,0,0,0,2,31,0,0,66,-1,0,32,0,0,0,0,0,0,0,0,benign
80,37648,6,4057,1,1,0,0,0,0,0,0,0,0,0,0,0,4929751048,4057,0,4057,4057,0,0,0,0,0,0,0,0,0,0,0,0,0,0,20,32,2464875524,2464875524,0,0,0,0,0,0,0,0,0,1,1,0,0,1,0,0,0,0,0,0,0,0,0,1,0,1,0,16,1386,0,20,0,0,0,0,0,0,0,0,GeneralMalware
443,37861,6,11592,2,0,0,0,0,0,0,0,0,0,0,0,0,1725327812,11592,0,11592,11592,11592,11592,0,11592,11592,0,0,0,0,0,0,0,0,0,64,0,1725327812,0,0,0,0,0,0,0,0,0,0,1,0,0,0,0,0,0,0,0,0,0,0,0,0,2,0,0,0,404,-1,0,32,0,0,0,0,0,0,0,0,benign
8001,38141,6,596291,1,1,0,0,0,0,0,0,0,0,0,0,0,3354067058,596291,0,596291,596291,0,0,0,0,0,0,0,0,0,0,0,0,0,0,32,32,1677033529,1677033529,0,0,0,0,0,0,0,0,0,1,1,0,0,1,0,0,0,0,0,0,0,0,0,1,0,1,0,61,1386,0,32,0,0,0,0,0,0,0,0,adware
80,38528,6,1973,1,1,0,0,0,0,0,0,0,0,0,0,0,1013684744,1973,0,1973,1973,0,0,0,0,0,0,0,0,0,0,0,0,0,0,20,20,506842372,506842372,0,0,0,0,0,0,0,0,0,1,1,0,0,1,0,0,0,0,0,0,0,0,0,1,0,1,0,16,1386,0,20,0,0,0,0,0,0,0,0,GeneralMalware
443,38562,6,12,2,0,0,0,0,0,0,0,0,0,0,0,0,1666666667,12,0,12,12,12,12,0,12,12,0,0,0,0,0,0,0,0,0,64,0,1666666667,0,0,0,0,0,0,0,0,0,0,1,0,0,0,0,0,0,0,0,0,0,0,0,0,2,0,0,0,243,-1,0,32,0,0,0,0,0,0,0,0,GeneralMalware
443,38634,6,10819,2,0,0,0,0,0,0,0,0,0,0,0,0,1848599686,10819,0,10819,10819,10819,10819,0,10819,10819,0,0,0,0,0,0,0,0,0,64,0,1848599686,0,0,0,0,0,0,0,0,0,0,1,0,0,0,0,0,0,0,0,0,0,0,0,0,2,0,0,0,404,-1,0,32,0,0,0,0,0,0,0,0,benign
443,38748,6,4034,2,0,0,0,0,0,0,0,0,0,0,0,0,4957858205,4034,0,4034,4034,4034,4034,0,4034,4034,0,0,0,0,0,0,0,0,0,40,0,4957858205,0,0,0,0,0,0,1,0,0,0,0,0,0,0,0,0,0,0,0,0,0,0,0,0,2,0,0,0,0,-1,0,20,0,0,0,0,0,0,0,0,GeneralMalware
443,39290,6,13,2,0,0,0,0,0,0,0,0,0,0,0,0,1538461538,13,0,13,13,13,13,0,13,13,0,0,0,0,0,0,0,0,0,64,0,1538461538,0,0,0,0,0,0,0,0,0,0,1,0,0,0,0,0,0,0,0,0,0,0,0,0,2,0,0,0,243,-1,0,32,0,0,0,0,0,0,0,0,GeneralMalware
443,39291,6,576,3,0,31,0,31,0,1033333333,1789785834,0,0,0,0,5381944444,5208333333,288,1258650071,377,199,576,288,1258650071,377,199,0,0,0,0,0,0,0,0,0,96,0,5208333333,0,0,31,0,1,10,0,0,0,0,1,0,0,0,0,1033333333,1033333333,0,0,0,0,0,0,0,3,31,0,0,66,-1,1,32,0,0,0,0,0,0,0,0,benign
8001,39409,6,226267,1,1,0,0,0,0,0,0,0,0,0,0,0,8839114851,226267,0,226267,226267,0,0,0,0,0,0,0,0,0,0,0,0,0,0,32,32,4419557426,4419557426,0,0,0,0,0,0,0,0,0,1,1,0,0,1,0,0,0,0,0,0,0,0,0,1,0,1,0,61,1386,0,32,0,0,0,0,0,0,0,0,adware
80,39419,6,16626,1,1,0,0,0,0,0,0,0,0,0,0,0,1202935162,16626,0,16626,16626,0,0,0,0,0,0,0,0,0,0,0,0,0,0,20,32,6014675809,6014675809,0,0,0,0,0,0,0,0,0,1,1,0,0,1,0,0,0,0,0,0,0,0,0,1,0,1,0,16,1386,0,20,0,0,0,0,0,0,0,0,GeneralMalware
443,39460,6,13,2,0,31,0,31,0,1,2192031022,0,0,0,0,2384615385,1538461538,13,0,13,13,13,13,0,13,13,0,0,0,0,0,1,0,0,0,64,0,1538461538,0,0,31,2066666667,1789785834,3203333333,0,1,0,0,1,0,0,0,0,31,1,0,0,0,0,0,0,0,2,31,0,0,49,-1,0,32,0,0,0,0,0,0,0,0,benign
80,39461,6,2054,1,1,0,0,0,0,0,0,0,0,0,0,0,9737098345,2054,0,2054,2054,0,0,0,0,0,0,0,0,0,0,0,0,0,0,20,20,4868549172,4868549172,0,0,0,0,0,0,0,0,0,1,1,0,0,1,0,0,0,0,0,0,0,0,0,1,0,1,0,16,1386,0,20,0,0,0,0,0,0,0,0,GeneralMalware
443,39613,6,7679,2,0,0,0,0,0,0,0,0,0,0,0,0,2604505795,7679,0,7679,7679,7679,7679,0,7679,7679,0,0,0,0,0,0,0,0,0,64,0,2604505795,0,0,0,0,0,0,0,0,0,0,1,0,0,0,0,0,0,0,0,0,0,0,0,0,2,0,0,0,404,-1,0,32,0,0,0,0,0,0,0,0,benign
443,39690,6,11260,2,0,0,0,0,0,0,0,0,0,0,0,0,1776198934,11260,0,11260,11260,11260,11260,0,11260,11260,0,0,0,0,0,0,0,0,0,64,0,1776198934,0,0,0,0,0,0,0,0,0,0,1,0,0,0,0,0,0,0,0,0,0,0,0,0,2,0,0,0,404,-1,0,32,0,0,0,0,0,0,0,0,benign
443,39881,6,14,2,0,0,0,0,0,0,0,0,0,0,0,0,1428571429,14,0,14,14,14,14,0,14,14,0,0,0,0,0,0,0,0,0,64,0,1428571429,0,0,0,0,0,0,0,0,0,0,1,0,0,0,0,0,0,0,0,0,0,0,0,0,2,0,0,0,404,-1,0,32,0,0,0,0,0,0,0,0,benign
443,40157,6,9819,3,0,0,0,0,0,0,0,0,0,0,0,0,3055300947,205,6924696708,9806,13,9819,205,6924696708,9806,13,0,0,0,0,0,0,0,0,0,96,0,3055300947,0,0,0,0,0,0,0,0,0,0,1,0,0,0,0,0,0,0,0,0,0,0,0,0,3,0,0,0,404,-1,0,32,0,0,0,0,0,0,0,0,benign
8001,40457,6,451609,1,1,0,0,0,0,0,0,0,0,0,0,0,4428609704,451609,0,451609,451609,0,0,0,0,0,0,0,0,0,0,0,0,0,0,32,32,2214304852,2214304852,0,0,0,0,0,0,0,0,0,1,1,0,0,1,0,0,0,0,0,0,0,0,0,1,0,1,0,61,1386,0,32,0,0,0,0,0,0,0,0,adware
443,40478,6,10046,2,0,0,0,0,0,0,0,0,0,0,0,0,1990842126,10046,0,10046,10046,10046,10046,0,10046,10046,0,0,0,0,0,0,0,0,0,64,0,1990842126,0,0,0,0,0,0,0,0,0,0,1,0,0,0,0,0,0,0,0,0,0,0,0,0,2,0,0,0,404,-1,0,32,0,0,0,0,0,0,0,0,benign
443,40579,6,10402,2,0,0,0,0,0,0,0,0,0,0,0,0,1922707172,10402,0,10402,10402,10402,10402,0,10402,10402,0,0,0,0,0,0,0,0,0,64,0,1922707172,0,0,0,0,0,0,0,0,0,0,1,0,0,0,0,0,0,0,0,0,0,0,0,0,2,0,0,0,404,-1,0,32,0,0,0,0,0,0,0,0,benign
443,40602,6,110,3,0,31,0,31,0,1033333333,1789785834,0,0,0,0,2818181818,2727272727,55,6081118318,98,12,110,55,6081118318,98,12,0,0,0,0,0,0,0,0,0,96,0,2727272727,0,0,31,0,1,10,0,0,0,0,1,0,0,0,0,1033333333,1033333333,0,0,0,0,0,0,0,3,31,0,0,79,-1,1,32,0,0,0,0,0,0,0,0,benign
443,40665,6,8210,2,0,0,0,0,0,0,0,0,0,0,0,0,2436053593,8210,0,8210,8210,8210,8210,0,8210,8210,0,0,0,0,0,0,0,0,0,64,0,2436053593,0,0,0,0,0,0,0,0,0,0,1,0,0,0,0,0,0,0,0,0,0,0,0,0,2,0,0,0,404,-1,0,32,0,0,0,0,0,0,0,0,benign
80,40736,6,9614,1,1,0,0,0,0,0,0,0,0,0,0,0,2080299563,9614,0,9614,9614,0,0,0,0,0,0,0,0,0,0,0,0,0,0,20,20,1040149782,1040149782,0,0,0,0,0,0,0,0,0,1,1,0,0,1,0,0,0,0,0,0,0,0,0,1,0,1,0,16,1386,0,20,0,0,0,0,0,0,0,0,GeneralMalware
8001,41089,6,338153,1,1,0,0,0,0,0,0,0,0,0,0,0,5914482498,338153,0,338153,338153,0,0,0,0,0,0,0,0,0,0,0,0,0,0,32,32,2957241249,2957241249,0,0,0,0,0,0,0,0,0,1,1,0,0,1,0,0,0,0,0,0,0,0,0,1,0,1,0,61,1386,0,32,0,0,0,0,0,0,0,0,adware
443,41179,6,16,2,0,31,0,31,0,1,2192031022,0,0,0,0,1937500,125000,16,0,16,16,16,16,0,16,16,0,0,0,0,0,1,0,0,0,64,0,125000,0,0,31,2066666667,1789785834,3203333333,0,1,0,0,1,0,0,0,0,31,1,0,0,0,0,0,0,0,2,31,0,0,66,-1,0,32,0,0,0,0,0,0,0,0,benign
80,41670,6,6521,1,1,0,0,0,0,0,0,0,0,0,0,0,3067014262,6521,0,6521,6521,0,0,0,0,0,0,0,0,0,0,0,0,0,0,20,20,1533507131,1533507131,0,0,0,0,0,0,0,0,0,1,1,0,0,1,0,0,0,0,0,0,0,0,0,1,0,1,0,16,1386,0,20,0,0,0,0,0,0,0,0,GeneralMalware
443,41779,6,3270,2,0,0,0,0,0,0,0,0,0,0,0,0,6116207951,3270,0,3270,3270,3270,3270,0,3270,3270,0,0,0,0,0,0,0,0,0,64,0,6116207951,0,0,0,0,0,0,0,0,0,0,1,0,0,0,0,0,0,0,0,0,0,0,0,0,2,0,0,0,404,-1,0,32,0,0,0,0,0,0,0,0,benign
443,41817,6,9964,2,0,0,0,0,0,0,0,0,0,0,0,0,2007226014,9964,0,9964,9964,9964,9964,0,9964,9964,0,0,0,0,0,0,0,0,0,64,0,2007226014,0,0,0,0,0,0,0,0,0,0,1,0,0,0,0,0,0,0,0,0,0,0,0,0,2,0,0,0,404,-1,0,32,0,0,0,0,0,0,0,0,benign
443,41840,6,15333,2,0,0,0,0,0,0,0,0,0,0,0,0,1304376182,15333,0,15333,15333,15333,15333,0,15333,15333,0,0,0,0,0,0,0,0,0,64,0,1304376182,0,0,0,0,0,0,0,0,0,0,1,0,0,0,0,0,0,0,0,0,0,0,0,0,2,0,0,0,425,-1,0,32,0,0,0,0,0,0,0,0,benign
443,41956,6,10148,2,0,0,0,0,0,0,0,0,0,0,0,0,1970831691,10148,0,10148,10148,10148,10148,0,10148,10148,0,0,0,0,0,0,0,0,0,64,0,1970831691,0,0,0,0,0,0,0,0,0,0,1,0,0,0,0,0,0,0,0,0,0,0,0,0,2,0,0,0,404,-1,0,32,0,0,0,0,0,0,0,0,benign
80,42042,6,10103,1,1,0,0,0,0,0,0,0,0,0,0,0,1979610017,10103,0,10103,10103,0,0,0,0,0,0,0,0,0,0,0,0,0,0,20,20,9898050084,9898050084,0,0,0,0,0,0,0,0,0,1,1,0,0,1,0,0,0,0,0,0,0,0,0,1,0,1,0,16,1386,0,20,0,0,0,0,0,0,0,0,GeneralMalware
443,42050,6,488984,2,0,0,0,0,0,0,0,0,0,0,0,0,4090113378,488984,0,488984,488984,488984,488984,0,488984,488984,0,0,0,0,0,0,0,0,0,64,0,4090113378,0,0,0,0,0,0,0,0,0,0,1,1,0,0,0,0,0,0,0,0,0,0,0,0,2,0,0,0,404,-1,0,32,0,0,0,0,0,0,0,0,benign
443,42078,6,22,3,0,31,0,31,0,1033333333,1789785834,0,0,0,0,1409090909,1363636364,11,1414213562,12,10,22,11,1414213562,12,10,0,0,0,0,0,0,0,0,0,96,0,1363636364,0,0,31,0,1,10,0,0,0,0,1,0,0,0,0,1033333333,1033333333,0,0,0,0,0,0,0,3,31,0,0,77,-1,1,32,0,0,0,0,0,0,0,0,benign
80,42193,6,37015,1,1,0,0,0,0,0,0,0,0,0,0,0,5403214913,37015,0,37015,37015,0,0,0,0,0,0,0,0,0,0,0,0,0,0,20,32,2701607456,2701607456,0,0,0,0,0,0,0,0,0,1,1,0,0,1,0,0,0,0,0,0,0,0,0,1,0,1,0,16,1386,0,20,0,0,0,0,0,0,0,0,GeneralMalware
443,42260,6,8641,2,0,0,0,0,0,0,0,0,0,0,0,0,2314546927,8641,0,8641,8641,8641,8641,0,8641,8641,0,0,0,0,0,0,0,0,0,64,0,2314546927,0,0,0,0,0,0,0,0,0,0,1,0,0,0,0,0,0,0,0,0,0,0,0,0,2,0,0,0,404,-1,0,32,0,0,0,0,0,0,0,0,benign
443,42326,6,5835,3,0,0,0,0,0,0,0,0,0,0,0,0,5141388175,122,4107583292,5822,13,5835,122,4107583292,5822,13,0,0,0,0,0,0,0,0,0,96,0,5141388175,0,0,0,0,0,0,0,0,0,0,1,0,0,0,0,0,0,0,0,0,0,0,0,0,3,0,0,0,404,-1,0,32,0,0,0,0,0,0,0,0,benign
443,42525,6,13,2,0,0,0,0,0,0,0,0,0,0,0,0,1538461538,13,0,13,13,13,13,0,13,13,0,0,0,0,0,0,0,0,0,64,0,1538461538,0,0,0,0,0,0,0,0,0,0,1,0,0,0,0,0,0,0,0,0,0,0,0,0,2,0,0,0,383,-1,0,32,0,0,0,0,0,0,0,0,GeneralMalware
443,42543,6,13,2,0,0,0,0,0,0,0,0,0,0,0,0,1538461538,13,0,13,13,13,13,0,13,13,0,0,0,0,0,0,0,0,0,64,0,1538461538,0,0,0,0,0,0,0,0,0,0,1,0,0,0,0,0,0,0,0,0,0,0,0,0,2,0,0,0,383,-1,0,32,0,0,0,0,0,0,0,0,GeneralMalware
443,42624,6,12,2,0,0,0,0,0,0,0,0,0,0,0,0,1666666667,12,0,12,12,12,12,0,12,12,0,0,0,0,0,0,0,0,0,64,0,1666666667,0,0,0,0,0,0,0,0,0,0,1,0,0,0,0,0,0,0,0,0,0,0,0,0,2,0,0,0,243,-1,0,32,0,0,0,0,0,0,0,0,GeneralMalware
80,42653,6,1908,1,1,0,0,0,0,0,0,0,0,0,0,0,1048218029,1908,0,1908,1908,0,0,0,0,0,0,0,0,0,0,0,0,0,0,20,20,5241090147,5241090147,0,0,0,0,0,0,0,0,0,1,1,0,0,1,0,0,0,0,0,0,0,0,0,1,0,1,0,16,1386,0,20,0,0,0,0,0,0,0,0,GeneralMalware
443,42810,6,9041,2,0,0,0,0,0,0,0,0,0,0,0,0,2212144674,9041,0,9041,9041,9041,9041,0,9041,9041,0,0,0,0,0,0,0,0,0,64,0,2212144674,0,0,0,0,0,0,0,0,0,0,1,0,0,0,0,0,0,0,0,0,0,0,0,0,2,0,0,0,404,-1,0,32,0,0,0,0,0,0,0,0,benign
443,42932,6,11945,2,0,0,0,0,0,0,0,0,0,0,0,0,1674340728,11945,0,11945,11945,11945,11945,0,11945,11945,0,0,0,0,0,0,0,0,0,64,0,1674340728,0,0,0,0,0,0,0,0,0,0,1,0,0,0,0,0,0,0,0,0,0,0,0,0,2,0,0,0,404,-1,0,32,0,0,0,0,0,0,0,0,benign
443,42960,6,8404,2,0,0,0,0,0,0,0,0,0,0,0,0,2379819134,8404,0,8404,8404,8404,8404,0,8404,8404,0,0,0,0,0,0,0,0,0,64,0,2379819134,0,0,0,0,0,0,0,0,0,0,1,0,0,0,0,0,0,0,0,0,0,0,0,0,2,0,0,0,404,-1,0,32,0,0,0,0,0,0,0,0,benign
443,42984,6,8700,2,0,0,0,0,0,0,0,0,0,0,0,0,2298850575,8700,0,8700,8700,8700,8700,0,8700,8700,0,0,0,0,0,0,0,0,0,64,0,2298850575,0,0,0,0,0,0,0,0,0,0,1,0,0,0,0,0,0,0,0,0,0,0,0,0,2,0,0,0,404,-1,0,32,0,0,0,0,0,0,0,0,benign
443,43196,6,9608,2,0,0,0,0,0,0,0,0,0,0,0,0,2081598668,9608,0,9608,9608,9608,9608,0,9608,9608,0,0,0,0,0,0,0,0,0,64,0,2081598668,0,0,0,0,0,0,0,0,0,0,1,0,0,0,0,0,0,0,0,0,0,0,0,0,2,0,0,0,404,-1,0,32,0,0,0,0,0,0,0,0,benign
8001,43235,6,460771,1,1,0,0,0,0,0,0,0,0,0,0,0,4340550946,460771,0,460771,460771,0,0,0,0,0,0,0,0,0,0,0,0,0,0,32,32,2170275473,2170275473,0,0,0,0,0,0,0,0,0,1,1,0,0,1,0,0,0,0,0,0,0,0,0,1,0,1,0,61,1386,0,32,0,0,0,0,0,0,0,0,adware
80,43238,6,2714,1,1,0,0,0,0,0,0,0,0,0,0,0,7369196758,2714,0,2714,2714,0,0,0,0,0,0,0,0,0,0,0,0,0,0,20,20,3684598379,3684598379,0,0,0,0,0,0,0,0,0,1,1,0,0,1,0,0,0,0,0,0,0,0,0,1,0,1,0,16,1386,0,20,0,0,0,0,0,0,0,0,GeneralMalware
8001,43427,6,481956,1,1,0,0,0,0,0,0,0,0,0,0,0,4149756409,481956,0,481956,481956,0,0,0,0,0,0,0,0,0,0,0,0,0,0,32,32,2074878205,2074878205,0,0,0,0,0,0,0,0,0,1,1,0,0,1,0,0,0,0,0,0,0,0,0,1,0,1,0,61,1386,0,32,0,0,0,0,0,0,0,0,adware
8001,43514,6,313393,1,1,0,0,0,0,0,0,0,0,0,0,0,6381763473,313393,0,313393,313393,0,0,0,0,0,0,0,0,0,0,0,0,0,0,32,32,3190881736,3190881736,0,0,0,0,0,0,0,0,0,1,1,0,0,1,0,0,0,0,0,0,0,0,0,1,0,1,0,61,1386,0,32,0,0,0,0,0,0,0,0,adware
443,43686,6,13,2,0,0,0,0,0,0,0,0,0,0,0,0,1538461538,13,0,13,13,13,13,0,13,13,0,0,0,0,0,0,0,0,0,64,0,1538461538,0,0,0,0,0,0,0,0,0,0,1,0,0,0,0,0,0,0,0,0,0,0,0,0,2,0,0,0,404,-1,0,32,0,0,0,0,0,0,0,0,benign
443,43861,6,12,2,0,0,0,0,0,0,0,0,0,0,0,0,1666666667,12,0,12,12,12,12,0,12,12,0,0,0,0,0,0,0,0,0,64,0,1666666667,0,0,0,0,0,0,0,0,0,0,1,0,0,0,0,0,0,0,0,0,0,0,0,0,2,0,0,0,246,-1,0,32,0,0,0,0,0,0,0,0,GeneralMalware
443,43992,6,6403,2,0,0,0,0,0,0,0,0,0,0,0,0,3123535843,6403,0,6403,6403,6403,6403,0,6403,6403,0,0,0,0,0,0,0,0,0,64,0,3123535843,0,0,0,0,0,0,0,0,0,0,1,0,0,0,0,0,0,0,0,0,0,0,0,0,2,0,0,0,404,-1,0,32,0,0,0,0,0,0,0,0,benign
443,44792,6,13714,2,0,0,0,0,0,0,0,0,0,0,0,0,1458363716,13714,0,13714,13714,13714,13714,0,13714,13714,0,0,0,0,0,0,0,0,0,64,0,1458363716,0,0,0,0,0,0,0,0,0,0,1,0,0,0,0,0,0,0,0,0,0,0,0,0,2,0,0,0,404,-1,0,32,0,0,0,0,0,0,0,0,benign
80,44808,6,88569,1,1,0,0,0,0,0,0,0,0,0,0,0,2258126432,88569,0,88569,88569,0,0,0,0,0,0,0,0,0,0,0,0,0,0,20,20,1129063216,1129063216,0,0,0,0,0,0,0,0,0,1,1,0,0,1,0,0,0,0,0,0,0,0,0,1,0,1,0,16,1386,0,20,0,0,0,0,0,0,0,0,GeneralMalware
443,44811,6,9758,2,0,0,0,0,0,0,0,0,0,0,0,0,2049600328,9758,0,9758,9758,9758,9758,0,9758,9758,0,0,0,0,0,0,0,0,0,64,0,2049600328,0,0,0,0,0,0,0,0,0,0,1,0,0,0,0,0,0,0,0,0,0,0,0,0,2,0,0,0,404,-1,0,32,0,0,0,0,0,0,0,0,benign
443,45389,6,4099,2,0,0,0,0,0,0,0,0,0,0,0,0,4879238839,4099,0,4099,4099,4099,4099,0,4099,4099,0,0,0,0,0,0,0,0,0,64,0,4879238839,0,0,0,0,0,0,0,0,0,0,1,0,0,0,0,0,0,0,0,0,0,0,0,0,2,0,0,0,404,-1,0,32,0,0,0,0,0,0,0,0,benign
443,45510,6,127,2,0,0,0,0,0,0,0,0,0,0,0,0,157480315,127,0,127,127,127,127,0,127,127,0,0,0,0,0,0,0,0,0,64,0,157480315,0,0,0,0,0,0,0,0,0,0,1,0,0,0,0,0,0,0,0,0,0,0,0,0,2,0,0,0,383,-1,0,32,0,0,0,0,0,0,0,0,GeneralMalware
443,45519,6,13,2,0,0,0,0,0,0,0,0,0,0,0,0,1538461538,13,0,13,13,13,13,0,13,13,0,0,0,0,0,0,0,0,0,64,0,1538461538,0,0,0,0,0,0,0,0,0,0,1,0,0,0,0,0,0,0,0,0,0,0,0,0,2,0,0,0,383,-1,0,32,0,0,0,0,0,0,0,0,GeneralMalware
443,45705,6,7000,2,0,0,0,0,0,0,0,0,0,0,0,0,2857142857,7000,0,7000,7000,7000,7000,0,7000,7000,0,0,0,0,0,0,0,0,0,64,0,2857142857,0,0,0,0,0,0,0,0,0,0,1,0,0,0,0,0,0,0,0,0,0,0,0,0,2,0,0,0,404,-1,0,32,0,0,0,0,0,0,0,0,benign
443,45909,6,7411,2,0,0,0,0,0,0,0,0,0,0,0,0,2698691135,7411,0,7411,7411,7411,7411,0,7411,7411,0,0,0,0,0,0,0,0,0,64,0,2698691135,0,0,0,0,0,0,0,0,0,0,1,0,0,0,0,0,0,0,0,0,0,0,0,0,2,0,0,0,404,-1,0,32,0,0,0,0,0,0,0,0,benign
443,45951,6,73,3,0,31,0,31,0,1033333333,1789785834,0,0,0,0,4246575342,4109589041,2,3323401872,60,13,73,2,3323401872,60,13,0,0,0,0,0,0,0,0,0,96,0,4109589041,0,0,31,0,1,10,0,0,0,0,1,0,0,0,0,1033333333,1033333333,0,0,0,0,0,0,0,3,31,0,0,66,-1,1,32,0,0,0,0,0,0,0,0,benign
443,46010,6,13,2,0,31,0,31,0,1,2192031022,0,0,0,0,2384615385,1538461538,13,0,13,13,13,13,0,13,13,0,0,0,0,0,1,0,0,0,64,0,1538461538,0,0,31,2066666667,1789785834,3203333333,0,1,0,0,1,0,0,0,0,31,1,0,0,0,0,0,0,0,2,31,0,0,972,-1,0,32,0,0,0,0,0,0,0,0,benign
80,46061,6,37143,1,1,0,0,0,0,0,0,0,0,0,0,0,5384594675,37143,0,37143,37143,0,0,0,0,0,0,0,0,0,0,0,0,0,0,20,32,2692297337,2692297337,0,0,0,0,0,0,0,0,0,1,1,0,0,1,0,0,0,0,0,0,0,0,0,1,0,1,0,16,1386,0,20,0,0,0,0,0,0,0,0,GeneralMalware
443,46122,6,384489,2,1,55,0,55,0,1,3889087297,0,0,0,0,1430470052,7802563923,192244.5,6062379989,235112,149377,235112,235112,0,235112,235112,0,0,0,0,0,0,0,0,0,64,32,5201709282,2600854641,0,55,1,1,32,0,0,0,0,1,1,0,0,0,1833333333,1,0,0,0,0,0,0,0,2,55,1,0,350,1672,1,32,0,0,0,0,0,0,0,0,adware
443,46206,6,10473,2,0,0,0,0,0,0,0,0,0,0,0,0,1909672491,10473,0,10473,10473,10473,10473,0,10473,10473,0,0,0,0,0,0,0,0,0,64,0,1909672491,0,0,0,0,0,0,0,0,0,0,1,0,0,0,0,0,0,0,0,0,0,0,0,0,2,0,0,0,404,-1,0,32,0,0,0,0,0,0,0,0,benign
80,46321,6,6532,1,1,0,0,0,0,0,0,0,0,0,0,0,3061849357,6532,0,6532,6532,0,0,0,0,0,0,0,0,0,0,0,0,0,0,20,20,1530924679,1530924679,0,0,0,0,0,0,0,0,0,1,1,0,0,1,0,0,0,0,0,0,0,0,0,1,0,1,0,16,1386,0,20,0,0,0,0,0,0,0,0,GeneralMalware
443,46346,6,12804,2,0,0,0,0,0,0,0,0,0,0,0,0,1562011871,12804,0,12804,12804,12804,12804,0,12804,12804,0,0,0,0,0,0,0,0,0,64,0,1562011871,0,0,0,0,0,0,0,0,0,0,1,0,0,0,0,0,0,0,0,0,0,0,0,0,2,0,0,0,404,-1,0,32,0,0,0,0,0,0,0,0,benign
80,46361,6,7526,1,1,0,0,0,0,0,0,0,0,0,0,0,2657454159,7526,0,7526,7526,0,0,0,0,0,0,0,0,0,0,0,0,0,0,20,20,1328727079,1328727079,0,0,0,0,0,0,0,0,0,1,1,0,0,1,0,0,0,0,0,0,0,0,0,1,0,1,0,16,1386,0,20,0,0,0,0,0,0,0,0,GeneralMalware
8001,46371,6,386805,1,1,0,0,0,0,0,0,0,0,0,0,0,5170563979,386805,0,386805,386805,0,0,0,0,0,0,0,0,0,0,0,0,0,0,32,32,258528199,258528199,0,0,0,0,0,0,0,0,0,1,1,0,0,1,0,0,0,0,0,0,0,0,0,1,0,1,0,61,1386,0,32,0,0,0,0,0,0,0,0,adware
443,46617,6,13,2,0,0,0,0,0,0,0,0,0,0,0,0,1538461538,13,0,13,13,13,13,0,13,13,0,0,0,0,0,0,0,0,0,64,0,1538461538,0,0,0,0,0,0,0,0,0,0,1,0,0,0,0,0,0,0,0,0,0,0,0,0,2,0,0,0,404,-1,0,32,0,0,0,0,0,0,0,0,benign
8001,46832,6,406591,1,1,0,0,0,0,0,0,0,0,0,0,0,4918948034,406591,0,406591,406591,0,0,0,0,0,0,0,0,0,0,0,0,0,0,32,32,2459474017,2459474017,0,0,0,0,0,0,0,0,0,1,1,0,0,1,0,0,0,0,0,0,0,0,0,1,0,1,0,61,1403,0,32,0,0,0,0,0,0,0,0,adware
443,47020,6,156,3,0,31,0,31,0,1033333333,1789785834,0,0,0,0,1987179487,1923076923,78,9192388155,143,13,156,78,9192388155,143,13,0,0,0,0,0,0,0,0,0,96,0,1923076923,0,0,31,0,1,10,0,0,0,0,1,0,0,0,0,1033333333,1033333333,0,0,0,0,0,0,0,3,31,0,0,76,-1,1,32,0,0,0,0,0,0,0,0,benign
8001,47033,6,402960,1,1,0,0,0,0,0,0,0,0,0,0,0,4963271789,402960,0,402960,402960,0,0,0,0,0,0,0,0,0,0,0,0,0,0,32,32,2481635894,2481635894,0,0,0,0,0,0,0,0,0,1,1,0,0,1,0,0,0,0,0,0,0,0,0,1,0,1,0,61,1386,0,32,0,0,0,0,0,0,0,0,adware
443,47087,6,1582,2,0,0,0,0,0,0,0,0,0,0,0,0,1264222503,1582,0,1582,1582,1582,1582,0,1582,1582,0,0,0,0,0,0,0,0,0,64,0,1264222503,0,0,0,0,0,0,0,0,0,0,1,0,0,0,0,0,0,0,0,0,0,0,0,0,2,0,0,0,404,-1,0,32,0,0,0,0,0,0,0,0,benign
443,47177,6,20700,2,0,0,0,0,0,0,0,0,0,0,0,0,9661835749,20700,0,20700,20700,20700,20700,0,20700,20700,0,0,0,0,0,0,0,0,0,64,0,9661835749,0,0,0,0,0,0,0,0,0,0,1,0,0,0,0,0,0,0,0,0,0,0,0,0,2,0,0,0,404,-1,0,32,0,0,0,0,0,0,0,0,benign
443,47533,6,18672,2,0,0,0,0,0,0,0,0,0,0,0,0,1071122536,18672,0,18672,18672,18672,18672,0,18672,18672,0,0,0,0,0,0,0,0,0,64,0,1071122536,0,0,0,0,0,0,0,0,0,0,1,0,0,0,0,0,0,0,0,0,0,0,0,0,2,0,0,0,404,-1,0,32,0,0,0,0,0,0,0,0,benign
8001,47632,6,433642,1,1,0,0,0,0,0,0,0,0,0,0,0,4612099382,433642,0,433642,433642,0,0,0,0,0,0,0,0,0,0,0,0,0,0,32,32,2306049691,2306049691,0,0,0,0,0,0,0,0,0,1,1,0,0,1,0,0,0,0,0,0,0,0,0,1,0,1,0,61,1386,0,32,0,0,0,0,0,0,0,0,adware
8001,47853,6,339531,1,1,0,0,0,0,0,0,0,0,0,0,0,5890478336,339531,0,339531,339531,0,0,0,0,0,0,0,0,0,0,0,0,0,0,32,32,2945239168,2945239168,0,0,0,0,0,0,0,0,0,1,1,0,0,1,0,0,0,0,0,0,0,0,0,1,0,1,0,61,1386,0,32,0,0,0,0,0,0,0,0,adware
8001,48194,6,448286,1,1,0,0,0,0,0,0,0,0,0,0,0,4461437564,448286,0,448286,448286,0,0,0,0,0,0,0,0,0,0,0,0,0,0,32,32,2230718782,2230718782,0,0,0,0,0,0,0,0,0,1,1,0,0,1,0,0,0,0,0,0,0,0,0,1,0,1,0,61,1386,0,32,0,0,0,0,0,0,0,0,adware
443,48240,6,9436,2,0,0,0,0,0,0,0,0,0,0,0,0,2119542179,9436,0,9436,9436,9436,9436,0,9436,9436,0,0,0,0,0,0,0,0,0,64,0,2119542179,0,0,0,0,0,0,0,0,0,0,1,0,0,0,0,0,0,0,0,0,0,0,0,0,2,0,0,0,404,-1,0,32,0,0,0,0,0,0,0,0,benign
8001,48277,6,1641304,1,1,0,0,0,0,0,0,0,0,0,0,0,1218543305,1641304,0,1641304,1641304,0,0,0,0,0,0,0,0,0,0,0,0,0,0,32,32,0.609271652,0.609271652,0,0,0,0,0,0,0,0,0,1,1,0,0,1,0,0,0,0,0,0,0,0,0,1,0,1,0,61,1386,0,32,0,0,0,0,0,0,0,0,adware
443,48293,6,12021,2,0,0,0,0,0,0,0,0,0,0,0,0,1663755095,12021,0,12021,12021,12021,12021,0,12021,12021,0,0,0,0,0,0,0,0,0,64,0,1663755095,0,0,0,0,0,0,0,0,0,0,1,0,0,0,0,0,0,0,0,0,0,0,0,0,2,0,0,0,404,-1,0,32,0,0,0,0,0,0,0,0,benign
443,48368,6,11939,2,0,0,0,0,0,0,0,0,0,0,0,0,1675182176,11939,0,11939,11939,11939,11939,0,11939,11939,0,0,0,0,0,0,0,0,0,64,0,1675182176,0,0,0,0,0,0,0,0,0,0,1,0,0,0,0,0,0,0,0,0,0,0,0,0,2,0,0,0,404,-1,0,32,0,0,0,0,0,0,0,0,benign
8001,48882,6,417130,1,1,0,0,0,0,0,0,0,0,0,0,0,4794668329,417130,0,417130,417130,0,0,0,0,0,0,0,0,0,0,0,0,0,0,32,32,2397334164,2397334164,0,0,0,0,0,0,0,0,0,1,1,0,0,1,0,0,0,0,0,0,0,0,0,1,0,1,0,61,1386,0,32,0,0,0,0,0,0,0,0,adware
443,48900,6,9445,2,0,0,0,0,0,0,0,0,0,0,0,0,2117522499,9445,0,9445,9445,9445,9445,0,9445,9445,0,0,0,0,0,0,0,0,0,64,0,2117522499,0,0,0,0,0,0,0,0,0,0,1,0,0,0,0,0,0,0,0,0,0,0,0,0,2,0,0,0,404,-1,0,32,0,0,0,0,0,0,0,0,benign
443,48982,6,10376,2,0,0,0,0,0,0,0,0,0,0,0,0,1927525058,10376,0,10376,10376,10376,10376,0,10376,10376,0,0,0,0,0,0,0,0,0,64,0,1927525058,0,0,0,0,0,0,0,0,0,0,1,0,0,0,0,0,0,0,0,0,0,0,0,0,2,0,0,0,404,-1,0,32,0,0,0,0,0,0,0,0,benign
443,48994,6,13,2,0,0,0,0,0,0,0,0,0,0,0,0,1538461538,13,0,13,13,13,13,0,13,13,0,0,0,0,0,0,0,0,0,64,0,1538461538,0,0,0,0,0,0,0,0,0,0,1,0,0,0,0,0,0,0,0,0,0,0,0,0,2,0,0,0,404,-1,0,32,0,0,0,0,0,0,0,0,benign
443,49139,6,150309,1,3,0,31,0,0,0,0,31,0,1033333333,1789785834,2062418085,2661184626,50103,7624686274,138059,2750,0,0,0,0,0,12250,6125,4772970773,9500,2750,0,0,0,0,32,108,6652961566,199588847,0,31,0,1386362146,8,0,0,0,0,1,1,0,0,3,0,0,1033333333,0,0,0,0,0,0,1,0,3,31,360,1627,0,32,0,0,0,0,0,0,0,0,benign
8001,49181,6,431917,1,1,0,0,0,0,0,0,0,0,0,0,0,463051929,431917,0,431917,431917,0,0,0,0,0,0,0,0,0,0,0,0,0,0,32,32,2315259645,2315259645,0,0,0,0,0,0,0,0,0,1,1,0,0,1,0,0,0,0,0,0,0,0,0,1,0,1,0,61,1386,0,32,0,0,0,0,0,0,0,0,adware
8001,49360,6,6449,1,1,0,0,0,0,0,0,0,0,0,0,0,3101256009,6449,0,6449,6449,0,0,0,0,0,0,0,0,0,0,0,0,0,0,32,32,1550628004,1550628004,0,0,0,0,0,0,0,0,0,1,1,0,0,1,0,0,0,0,0,0,0,0,0,1,0,1,0,61,1386,0,32,0,0,0,0,0,0,0,0,adware
443,49367,6,7214,2,0,0,0,0,0,0,0,0,0,0,0,0,2772387025,7214,0,7214,7214,7214,7214,0,7214,7214,0,0,0,0,0,0,0,0,0,64,0,2772387025,0,0,0,0,0,0,0,0,0,0,1,0,0,0,0,0,0,0,0,0,0,0,0,0,2,0,0,0,404,-1,0,32,0,0,0,0,0,0,0,0,benign
80,49704,6,8797,1,1,0,0,0,0,0,0,0,0,0,0,0,227350233,8797,0,8797,8797,0,0,0,0,0,0,0,0,0,0,0,0,0,0,20,20,1136751165,1136751165,0,0,0,0,0,0,0,0,0,1,1,0,0,1,0,0,0,0,0,0,0,0,0,1,0,1,0,16,1386,0,20,0,0,0,0,0,0,0,0,GeneralMalware
443,49740,6,393,3,0,31,0,31,0,1033333333,1789785834,0,0,0,0,7888040712,7633587786,8,2609224023,381,12,393,8,2609224023,381,12,0,0,0,0,0,0,0,0,0,96,0,7633587786,0,0,31,0,1,10,0,0,0,0,1,0,0,0,0,1033333333,1033333333,0,0,0,0,0,0,0,3,31,0,0,120,-1,1,32,0,0,0,0,0,0,0,0,benign
8001,49745,6,287028,1,1,0,0,0,0,0,0,0,0,0,0,0,6967961314,287028,0,287028,287028,0,0,0,0,0,0,0,0,0,0,0,0,0,0,32,32,3483980657,3483980657,0,0,0,0,0,0,0,0,0,1,1,0,0,1,0,0,0,0,0,0,0,0,0,1,0,1,0,61,1386,0,32,0,0,0,0,0,0,0,0,adware
443,49760,6,9687,2,0,0,0,0,0,0,0,0,0,0,0,0,206462269,9687,0,9687,9687,9687,9687,0,9687,9687,0,0,0,0,0,0,0,0,0,64,0,206462269,0,0,0,0,0,0,0,0,0,0,1,0,0,0,0,0,0,0,0,0,0,0,0,0,2,0,0,0,404,-1,0,32,0,0,0,0,0,0,0,0,benign
80,49878,6,8819,1,1,0,0,0,0,0,0,0,0,0,0,0,226783082,8819,0,8819,8819,0,0,0,0,0,0,0,0,0,0,0,0,0,0,20,20,113391541,113391541,0,0,0,0,0,0,0,0,0,1,1,0,0,1,0,0,0,0,0,0,0,0,0,1,0,1,0,16,1386,0,20,0,0,0,0,0,0,0,0,GeneralMalware
8001,50138,6,216657,1,1,0,0,0,0,0,0,0,0,0,0,0,9231181083,216657,0,216657,216657,0,0,0,0,0,0,0,0,0,0,0,0,0,0,32,32,4615590542,4615590542,0,0,0,0,0,0,0,0,0,1,1,0,0,1,0,0,0,0,0,0,0,0,0,1,0,1,0,61,1386,0,32,0,0,0,0,0,0,0,0,adware
80,50155,6,3483,1,1,0,0,0,0,0,0,0,0,0,0,0,5742176285,3483,0,3483,3483,0,0,0,0,0,0,0,0,0,0,0,0,0,0,20,32,2871088142,2871088142,0,0,0,0,0,0,0,0,0,1,1,0,0,1,0,0,0,0,0,0,0,0,0,1,0,1,0,16,1386,0,20,0,0,0,0,0,0,0,0,GeneralMalware
443,50256,6,8962,2,0,0,0,0,0,0,0,0,0,0,0,0,2231644722,8962,0,8962,8962,8962,8962,0,8962,8962,0,0,0,0,0,0,0,0,0,64,0,2231644722,0,0,0,0,0,0,0,0,0,0,1,0,0,0,0,0,0,0,0,0,0,0,0,0,2,0,0,0,404,-1,0,32,0,0,0,0,0,0,0,0,benign
80,50325,6,7855,1,1,0,0,0,0,0,0,0,0,0,0,0,254614895,7855,0,7855,7855,0,0,0,0,0,0,0,0,0,0,0,0,0,0,20,20,1273074475,1273074475,0,0,0,0,0,0,0,0,0,1,1,0,0,1,0,0,0,0,0,0,0,0,0,1,0,1,0,16,1386,0,20,0,0,0,0,0,0,0,0,GeneralMalware
443,50456,6,14,2,0,0,0,0,0,0,0,0,0,0,0,0,1428571429,14,0,14,14,14,14,0,14,14,0,0,0,0,0,0,0,0,0,64,0,1428571429,0,0,0,0,0,0,0,0,0,0,1,0,0,0,0,0,0,0,0,0,0,0,0,0,2,0,0,0,404,-1,0,32,0,0,0,0,0,0,0,0,benign
80,50458,6,6690,1,1,0,0,0,0,0,0,0,0,0,0,0,2989536622,6690,0,6690,6690,0,0,0,0,0,0,0,0,0,0,0,0,0,0,20,20,1494768311,1494768311,0,0,0,0,0,0,0,0,0,1,1,0,0,1,0,0,0,0,0,0,0,0,0,1,0,1,0,16,1386,0,20,0,0,0,0,0,0,0,0,GeneralMalware
443,50481,6,8299,2,0,0,0,0,0,0,0,0,0,0,0,0,2409928907,8299,0,8299,8299,8299,8299,0,8299,8299,0,0,0,0,0,0,0,0,0,64,0,2409928907,0,0,0,0,0,0,0,0,0,0,1,0,0,0,0,0,0,0,0,0,0,0,0,0,2,0,0,0,404,-1,0,32,0,0,0,0,0,0,0,0,benign
443,51052,6,11359,2,0,0,0,0,0,0,0,0,0,0,0,0,1760718373,11359,0,11359,11359,11359,11359,0,11359,11359,0,0,0,0,0,0,0,0,0,64,0,1760718373,0,0,0,0,0,0,0,0,0,0,1,0,0,0,0,0,0,0,0,0,0,0,0,0,2,0,0,0,404,-1,0,32,0,0,0,0,0,0,0,0,benign
8001,51196,6,7642,1,1,0,0,0,0,0,0,0,0,0,0,0,2617115938,7642,0,7642,7642,0,0,0,0,0,0,0,0,0,0,0,0,0,0,32,32,1308557969,1308557969,0,0,0,0,0,0,0,0,0,1,1,0,0,1,0,0,0,0,0,0,0,0,0,1,0,1,0,61,1386,0,32,0,0,0,0,0,0,0,0,adware
8001,51208,6,6936,1,1,0,0,0,0,0,0,0,0,0,0,0,2883506344,6936,0,6936,6936,0,0,0,0,0,0,0,0,0,0,0,0,0,0,32,32,1441753172,1441753172,0,0,0,0,0,0,0,0,0,1,1,0,0,1,0,0,0,0,0,0,0,0,0,1,0,1,0,61,1386,0,32,0,0,0,0,0,0,0,0,adware
443,51476,6,12,2,0,31,0,31,0,1,2192031022,0,0,0,0,2583333333,1666666667,12,0,12,12,12,12,0,12,12,0,0,0,0,0,1,0,0,0,64,0,1666666667,0,0,31,2066666667,1789785834,3203333333,0,1,0,0,1,0,0,0,0,31,1,0,0,0,0,0,0,0,2,31,0,0,66,-1,0,32,0,0,0,0,0,0,0,0,benign
443,51602,6,11592,2,0,0,0,0,0,0,0,0,0,0,0,0,1725327812,11592,0,11592,11592,11592,11592,0,11592,11592,0,0,0,0,0,0,0,0,0,64,0,1725327812,0,0,0,0,0,0,0,0,0,0,1,0,0,0,0,0,0,0,0,0,0,0,0,0,2,0,0,0,404,-1,0,32,0,0,0,0,0,0,0,0,benign
80,51898,6,13201,1,1,0,0,0,0,0,0,0,0,0,0,0,151503674,13201,0,13201,13201,0,0,0,0,0,0,0,0,0,0,0,0,0,0,20,20,7575183698,7575183698,0,0,0,0,0,0,0,0,0,1,1,0,0,1,0,0,0,0,0,0,0,0,0,1,0,1,0,16,1386,0,20,0,0,0,0,0,0,0,0,GeneralMalware
80,52029,6,7789,1,1,0,0,0,0,0,0,0,0,0,0,0,2567723713,7789,0,7789,7789,0,0,0,0,0,0,0,0,0,0,0,0,0,0,20,20,1283861856,1283861856,0,0,0,0,0,0,0,0,0,1,1,0,0,1,0,0,0,0,0,0,0,0,0,1,0,1,0,16,1386,0,20,0,0,0,0,0,0,0,0,GeneralMalware
443,52129,6,13,2,0,0,0,0,0,0,0,0,0,0,0,0,1538461538,13,0,13,13,13,13,0,13,13,0,0,0,0,0,0,0,0,0,64,0,1538461538,0,0,0,0,0,0,0,0,0,0,1,0,0,0,0,0,0,0,0,0,0,0,0,0,2,0,0,0,404,-1,0,32,0,0,0,0,0,0,0,0,benign
80,52340,6,51907,1,1,0,0,0,0,0,0,0,0,0,0,0,3853044869,51907,0,51907,51907,0,0,0,0,0,0,0,0,0,0,0,0,0,0,20,32,1926522434,1926522434,0,0,0,0,0,0,0,0,0,1,1,0,0,1,0,0,0,0,0,0,0,0,0,1,0,1,0,16,1386,0,20,0,0,0,0,0,0,0,0,GeneralMalware
8001,52372,6,422952,1,1,0,0,0,0,0,0,0,0,0,0,0,4728668974,422952,0,422952,422952,0,0,0,0,0,0,0,0,0,0,0,0,0,0,32,32,2364334487,2364334487,0,0,0,0,0,0,0,0,0,1,1,0,0,1,0,0,0,0,0,0,0,0,0,1,0,1,0,61,1403,0,32,0,0,0,0,0,0,0,0,adware
443,52411,6,11031,2,0,0,0,0,0,0,0,0,0,0,0,0,1813072251,11031,0,11031,11031,11031,11031,0,11031,11031,0,0,0,0,0,0,0,0,0,64,0,1813072251,0,0,0,0,0,0,0,0,0,0,1,0,0,0,0,0,0,0,0,0,0,0,0,0,2,0,0,0,404,-1,0,32,0,0,0,0,0,0,0,0,benign
443,52481,6,2011,2,0,0,0,0,0,0,0,0,0,0,0,0,9945300845,2011,0,2011,2011,2011,2011,0,2011,2011,0,0,0,0,0,0,0,0,0,40,0,9945300845,0,0,0,0,0,0,1,0,0,0,0,0,0,0,0,0,0,0,0,0,0,0,0,0,2,0,0,0,0,-1,0,20,0,0,0,0,0,0,0,0,GeneralMalware
443,52541,6,2110,2,0,0,0,0,0,0,0,0,0,0,0,0,9478672986,2110,0,2110,2110,2110,2110,0,2110,2110,0,0,0,0,0,0,0,0,0,64,0,9478672986,0,0,0,0,0,0,0,0,0,0,1,0,0,0,0,0,0,0,0,0,0,0,0,0,2,0,0,0,404,-1,0,32,0,0,0,0,0,0,0,0,benign
8001,52749,6,400729,1,1,0,0,0,0,0,0,0,0,0,0,0,4990904077,400729,0,400729,400729,0,0,0,0,0,0,0,0,0,0,0,0,0,0,32,32,2495452039,2495452039,0,0,0,0,0,0,0,0,0,1,1,0,0,1,0,0,0,0,0,0,0,0,0,1,0,1,0,61,1386,0,32,0,0,0,0,0,0,0,0,adware
8001,52771,6,422707,1,1,0,0,0,0,0,0,0,0,0,0,0,47314097,422707,0,422707,422707,0,0,0,0,0,0,0,0,0,0,0,0,0,0,32,32,236570485,236570485,0,0,0,0,0,0,0,0,0,1,1,0,0,1,0,0,0,0,0,0,0,0,0,1,0,1,0,61,1386,0,32,0,0,0,0,0,0,0,0,adware
443,52787,6,10686,2,0,0,0,0,0,0,0,0,0,0,0,0,1871607711,10686,0,10686,10686,10686,10686,0,10686,10686,0,0,0,0,0,0,0,0,0,64,0,1871607711,0,0,0,0,0,0,0,0,0,0,1,0,0,0,0,0,0,0,0,0,0,0,0,0,2,0,0,0,404,-1,0,32,0,0,0,0,0,0,0,0,benign
443,52788,6,14022,2,0,0,0,0,0,0,0,0,0,0,0,0,1426330053,14022,0,14022,14022,14022,14022,0,14022,14022,0,0,0,0,0,0,0,0,0,64,0,1426330053,0,0,0,0,0,0,0,0,0,0,1,0,0,0,0,0,0,0,0,0,0,0,0,0,2,0,0,0,404,-1,0,32,0,0,0,0,0,0,0,0,benign
443,52994,6,9591,2,0,0,0,0,0,0,0,0,0,0,0,0,2085288291,9591,0,9591,9591,9591,9591,0,9591,9591,0,0,0,0,0,0,0,0,0,64,0,2085288291,0,0,0,0,0,0,0,0,0,0,1,0,0,0,0,0,0,0,0,0,0,0,0,0,2,0,0,0,404,-1,0,32,0,0,0,0,0,0,0,0,benign
443,53106,6,7991,2,0,0,0,0,0,0,0,0,0,0,0,0,2502815668,7991,0,7991,7991,7991,7991,0,7991,7991,0,0,0,0,0,0,0,0,0,64,0,2502815668,0,0,0,0,0,0,0,0,0,0,1,0,0,0,0,0,0,0,0,0,0,0,0,0,2,0,0,0,404,-1,0,32,0,0,0,0,0,0,0,0,benign
443,53207,6,10162,2,0,0,0,0,0,0,0,0,0,0,0,0,1968116512,10162,0,10162,10162,10162,10162,0,10162,10162,0,0,0,0,0,0,0,0,0,64,0,1968116512,0,0,0,0,0,0,0,0,0,0,1,0,0,0,0,0,0,0,0,0,0,0,0,0,2,0,0,0,404,-1,0,32,0,0,0,0,0,0,0,0,benign
80,53390,6,4929,1,1,0,0,0,0,0,0,0,0,0,0,0,4057618178,4929,0,4929,4929,0,0,0,0,0,0,0,0,0,0,0,0,0,0,20,20,2028809089,2028809089,0,0,0,0,0,0,0,0,0,1,1,0,0,1,0,0,0,0,0,0,0,0,0,1,0,1,0,16,1386,0,20,0,0,0,0,0,0,0,0,GeneralMalware
443,53635,6,9977,2,0,0,0,0,0,0,0,0,0,0,0,0,2004610604,9977,0,9977,9977,9977,9977,0,9977,9977,0,0,0,0,0,0,0,0,0,64,0,2004610604,0,0,0,0,0,0,0,0,0,0,1,0,0,0,0,0,0,0,0,0,0,0,0,0,2,0,0,0,404,-1,0,32,0,0,0,0,0,0,0,0,benign
443,53948,6,10062,2,0,0,0,0,0,0,0,0,0,0,0,0,1987676406,10062,0,10062,10062,10062,10062,0,10062,10062,0,0,0,0,0,0,0,0,0,64,0,1987676406,0,0,0,0,0,0,0,0,0,0,1,0,0,0,0,0,0,0,0,0,0,0,0,0,2,0,0,0,404,-1,0,32,0,0,0,0,0,0,0,0,benign
443,54067,6,19875,2,0,0,0,0,0,0,0,0,0,0,0,0,1006289308,19875,0,19875,19875,19875,19875,0,19875,19875,0,0,0,0,0,0,0,0,0,64,0,1006289308,0,0,0,0,0,0,0,0,0,0,1,0,0,0,0,0,0,0,0,0,0,0,0,0,2,0,0,0,404,-1,0,32,0,0,0,0,0,0,0,0,benign
443,54127,6,11816,2,0,0,0,0,0,0,0,0,0,0,0,0,1692620176,11816,0,11816,11816,11816,11816,0,11816,11816,0,0,0,0,0,0,0,0,0,64,0,1692620176,0,0,0,0,0,0,0,0,0,0,1,0,0,0,0,0,0,0,0,0,0,0,0,0,2,0,0,0,404,-1,0,32,0,0,0,0,0,0,0,0,benign
8001,54146,6,312321,1,1,0,0,0,0,0,0,0,0,0,0,0,6403668021,312321,0,312321,312321,0,0,0,0,0,0,0,0,0,0,0,0,0,0,32,32,3201834011,3201834011,0,0,0,0,0,0,0,0,0,1,1,0,0,1,0,0,0,0,0,0,0,0,0,1,0,1,0,61,1386,0,32,0,0,0,0,0,0,0,0,adware
443,54147,6,18557,2,0,0,0,0,0,0,0,0,0,0,0,0,1077760414,18557,0,18557,18557,18557,18557,0,18557,18557,0,0,0,0,0,0,0,0,0,64,0,1077760414,0,0,0,0,0,0,0,0,0,0,1,0,0,0,0,0,0,0,0,0,0,0,0,0,2,0,0,0,404,-1,0,32,0,0,0,0,0,0,0,0,benign
80,54351,6,11418,1,1,0,0,0,0,0,0,0,0,0,0,0,1751620249,11418,0,11418,11418,0,0,0,0,0,0,0,0,0,0,0,0,0,0,20,20,8758101244,8758101244,0,0,0,0,0,0,0,0,0,1,1,0,0,1,0,0,0,0,0,0,0,0,0,1,0,1,0,16,1386,0,20,0,0,0,0,0,0,0,0,GeneralMalware
8001,54442,6,921429,1,1,0,0,0,0,0,0,0,0,0,0,0,2170541626,921429,0,921429,921429,0,0,0,0,0,0,0,0,0,0,0,0,0,0,32,32,1085270813,1085270813,0,0,0,0,0,0,0,0,0,1,1,0,0,1,0,0,0,0,0,0,0,0,0,1,0,1,0,61,1386,0,32,0,0,0,0,0,0,0,0,adware
8001,54582,6,292870,1,1,0,0,0,0,0,0,0,0,0,0,0,6828968484,292870,0,292870,292870,0,0,0,0,0,0,0,0,0,0,0,0,0,0,32,32,3414484242,3414484242,0,0,0,0,0,0,0,0,0,1,1,0,0,1,0,0,0,0,0,0,0,0,0,1,0,1,0,61,1386,0,32,0,0,0,0,0,0,0,0,adware
443,54747,6,11761,2,0,0,0,0,0,0,0,0,0,0,0,0,1700535669,11761,0,11761,11761,11761,11761,0,11761,11761,0,0,0,0,0,0,0,0,0,64,0,1700535669,0,0,0,0,0,0,0,0,0,0,1,0,0,0,0,0,0,0,0,0,0,0,0,0,2,0,0,0,404,-1,0,32,0,0,0,0,0,0,0,0,benign
80,54756,6,7430,1,1,0,0,0,0,0,0,0,0,0,0,0,269179004,7430,0,7430,7430,0,0,0,0,0,0,0,0,0,0,0,0,0,0,20,20,134589502,134589502,0,0,0,0,0,0,0,0,0,1,1,0,0,1,0,0,0,0,0,0,0,0,0,1,0,1,0,16,1386,0,20,0,0,0,0,0,0,0,0,GeneralMalware
443,54797,6,175225,1,2,0,0,0,0,0,0,0,0,0,0,0,1712084463,87612.5,1042791583,161349,13876,0,0,0,0,0,13876,13876,0,13876,13876,0,0,0,0,32,76,5706948209,1141389642,0,0,0,0,0,0,0,0,0,1,1,0,0,2,0,0,0,0,0,0,0,0,0,1,0,2,0,341,1547,0,32,0,0,0,0,0,0,0,0,GeneralMalware
443,54871,6,2624,2,0,0,0,0,0,0,0,0,0,0,0,0,762195122,2624,0,2624,2624,2624,2624,0,2624,2624,0,0,0,0,0,0,0,0,0,64,0,762195122,0,0,0,0,0,0,0,0,0,0,1,0,0,0,0,0,0,0,0,0,0,0,0,0,2,0,0,0,404,-1,0,32,0,0,0,0,0,0,0,0,benign
443,54937,6,4655,2,0,0,0,0,0,0,0,0,0,0,0,0,4296455424,4655,0,4655,4655,4655,4655,0,4655,4655,0,0,0,0,0,0,0,0,0,64,0,4296455424,0,0,0,0,0,0,0,0,0,0,1,0,0,0,0,0,0,0,0,0,0,0,0,0,2,0,0,0,404,-1,0,32,0,0,0,0,0,0,0,0,benign
443,54941,6,10348,2,0,0,0,0,0,0,0,0,0,0,0,0,1932740626,10348,0,10348,10348,10348,10348,0,10348,10348,0,0,0,0,0,0,0,0,0,64,0,1932740626,0,0,0,0,0,0,0,0,0,0,1,0,0,0,0,0,0,0,0,0,0,0,0,0,2,0,0,0,404,-1,0,32,0,0,0,0,0,0,0,0,benign
443,54986,6,3769,2,0,0,0,0,0,0,0,0,0,0,0,0,5306447334,3769,0,3769,3769,3769,3769,0,3769,3769,0,0,0,0,0,0,0,0,0,40,0,5306447334,0,0,0,0,0,0,1,0,0,0,0,0,0,0,0,0,0,0,0,0,0,0,0,0,2,0,0,0,0,-1,0,20,0,0,0,0,0,0,0,0,GeneralMalware
443,55186,6,2497,2,0,0,0,0,0,0,0,0,0,0,0,0,8009611534,2497,0,2497,2497,2497,2497,0,2497,2497,0,0,0,0,0,0,0,0,0,64,0,8009611534,0,0,0,0,0,0,0,0,0,0,1,0,0,0,0,0,0,0,0,0,0,0,0,0,2,0,0,0,404,-1,0,32,0,0,0,0,0,0,0,0,benign
80,55307,6,2483,1,1,0,0,0,0,0,0,0,0,0,0,0,8054772453,2483,0,2483,2483,0,0,0,0,0,0,0,0,0,0,0,0,0,0,20,20,4027386226,4027386226,0,0,0,0,0,0,0,0,0,1,1,0,0,1,0,0,0,0,0,0,0,0,0,1,0,1,0,16,1386,0,20,0,0,0,0,0,0,0,0,GeneralMalware
443,55676,6,4329,2,0,0,0,0,0,0,0,0,0,0,0,0,462000462,4329,0,4329,4329,4329,4329,0,4329,4329,0,0,0,0,0,0,0,0,0,40,0,462000462,0,0,0,0,0,0,1,0,0,0,0,0,0,0,0,0,0,0,0,0,0,0,0,0,2,0,0,0,0,-1,0,20,0,0,0,0,0,0,0,0,GeneralMalware
443,55836,6,10579,2,0,0,0,0,0,0,0,0,0,0,0,0,1890537858,10579,0,10579,10579,10579,10579,0,10579,10579,0,0,0,0,0,0,0,0,0,64,0,1890537858,0,0,0,0,0,0,0,0,0,0,1,0,0,0,0,0,0,0,0,0,0,0,0,0,2,0,0,0,404,-1,0,32,0,0,0,0,0,0,0,0,benign
8001,55958,6,403041,1,1,0,0,0,0,0,0,0,0,0,0,0,496227431,403041,0,403041,403041,0,0,0,0,0,0,0,0,0,0,0,0,0,0,32,32,2481137155,2481137155,0,0,0,0,0,0,0,0,0,1,1,0,0,1,0,0,0,0,0,0,0,0,0,1,0,1,0,61,1386,0,32,0,0,0,0,0,0,0,0,adware
80,56078,6,70700,1,1,0,0,0,0,0,0,0,0,0,0,0,2828854314,70700,0,70700,70700,0,0,0,0,0,0,0,0,0,0,0,0,0,0,20,32,1414427157,1414427157,0,0,0,0,0,0,0,0,0,1,1,0,0,1,0,0,0,0,0,0,0,0,0,1,0,1,0,16,1386,0,20,0,0,0,0,0,0,0,0,GeneralMalware
80,56125,6,13927,1,1,0,0,0,0,0,0,0,0,0,0,0,1436059453,13927,0,13927,13927,0,0,0,0,0,0,0,0,0,0,0,0,0,0,20,20,7180297264,7180297264,0,0,0,0,0,0,0,0,0,1,1,0,0,1,0,0,0,0,0,0,0,0,0,1,0,1,0,16,1386,0,20,0,0,0,0,0,0,0,0,GeneralMalware
443,56198,6,10659,2,0,0,0,0,0,0,0,0,0,0,0,0,1876348626,10659,0,10659,10659,10659,10659,0,10659,10659,0,0,0,0,0,0,0,0,0,64,0,1876348626,0,0,0,0,0,0,0,0,0,0,1,0,0,0,0,0,0,0,0,0,0,0,0,0,2,0,0,0,404,-1,0,32,0,0,0,0,0,0,0,0,benign
8001,56330,6,473289,1,1,0,0,0,0,0,0,0,0,0,0,0,4225747905,473289,0,473289,473289,0,0,0,0,0,0,0,0,0,0,0,0,0,0,32,32,2112873952,2112873952,0,0,0,0,0,0,0,0,0,1,1,0,0,1,0,0,0,0,0,0,0,0,0,1,0,1,0,61,1386,0,32,0,0,0,0,0,0,0,0,adware
443,56428,6,538,2,0,0,0,0,0,0,0,0,0,0,0,0,3717472119,538,0,538,538,538,538,0,538,538,0,0,0,0,0,0,0,0,0,64,0,3717472119,0,0,0,0,0,0,0,0,0,0,1,0,0,0,0,0,0,0,0,0,0,0,0,0,2,0,0,0,243,-1,0,32,0,0,0,0,0,0,0,0,GeneralMalware
443,56436,6,443,2,0,0,0,0,0,0,0,0,0,0,0,0,4514672686,443,0,443,443,443,443,0,443,443,0,0,0,0,0,0,0,0,0,64,0,4514672686,0,0,0,0,0,0,0,0,0,0,1,0,0,0,0,0,0,0,0,0,0,0,0,0,2,0,0,0,243,-1,0,32,0,0,0,0,0,0,0,0,GeneralMalware
443,56529,6,10472,2,0,0,0,0,0,0,0,0,0,0,0,0,1909854851,10472,0,10472,10472,10472,10472,0,10472,10472,0,0,0,0,0,0,0,0,0,64,0,1909854851,0,0,0,0,0,0,0,0,0,0,1,0,0,0,0,0,0,0,0,0,0,0,0,0,2,0,0,0,425,-1,0,32,0,0,0,0,0,0,0,0,benign
443,56533,6,1914,2,0,0,0,0,0,0,0,0,0,0,0,0,1044932079,1914,0,1914,1914,1914,1914,0,1914,1914,0,0,0,0,0,0,0,0,0,64,0,1044932079,0,0,0,0,0,0,0,0,0,0,1,0,0,0,0,0,0,0,0,0,0,0,0,0,2,0,0,0,404,-1,0,32,0,0,0,0,0,0,0,0,benign
443,56756,6,10588,2,0,0,0,0,0,0,0,0,0,0,0,0,1888930865,10588,0,10588,10588,10588,10588,0,10588,10588,0,0,0,0,0,0,0,0,0,64,0,1888930865,0,0,0,0,0,0,0,0,0,0,1,0,0,0,0,0,0,0,0,0,0,0,0,0,2,0,0,0,404,-1,0,32,0,0,0,0,0,0,0,0,benign
8001,56933,6,400953,1,1,0,0,0,0,0,0,0,0,0,0,0,4988115814,400953,0,400953,400953,0,0,0,0,0,0,0,0,0,0,0,0,0,0,32,32,2494057907,2494057907,0,0,0,0,0,0,0,0,0,1,1,0,0,1,0,0,0,0,0,0,0,0,0,1,0,1,0,61,1386,0,32,0,0,0,0,0,0,0,0,adware
80,57041,6,2713,1,1,0,0,0,0,0,0,0,0,0,0,0,7371913011,2713,0,2713,2713,0,0,0,0,0,0,0,0,0,0,0,0,0,0,20,20,3685956506,3685956506,0,0,0,0,0,0,0,0,0,1,1,0,0,1,0,0,0,0,0,0,0,0,0,1,0,1,0,16,1386,0,20,0,0,0,0,0,0,0,0,GeneralMalware
8001,57086,6,467115,1,1,0,0,0,0,0,0,0,0,0,0,0,4281600891,467115,0,467115,467115,0,0,0,0,0,0,0,0,0,0,0,0,0,0,32,32,2140800445,2140800445,0,0,0,0,0,0,0,0,0,1,1,0,0,1,0,0,0,0,0,0,0,0,0,1,0,1,0,61,1386,0,32,0,0,0,0,0,0,0,0,adware
443,57212,6,12562,2,0,0,0,0,0,0,0,0,0,0,0,0,1592103168,12562,0,12562,12562,12562,12562,0,12562,12562,0,0,0,0,0,0,0,0,0,64,0,1592103168,0,0,0,0,0,0,0,0,0,0,1,0,0,0,0,0,0,0,0,0,0,0,0,0,2,0,0,0,404,-1,0,32,0,0,0,0,0,0,0,0,benign
443,57268,6,11182,2,0,0,0,0,0,0,0,0,0,0,0,0,1788588803,11182,0,11182,11182,11182,11182,0,11182,11182,0,0,0,0,0,0,0,0,0,64,0,1788588803,0,0,0,0,0,0,0,0,0,0,1,0,0,0,0,0,0,0,0,0,0,0,0,0,2,0,0,0,404,-1,0,32,0,0,0,0,0,0,0,0,benign
443,57739,6,11779,2,0,0,0,0,0,0,0,0,0,0,0,0,1697937007,11779,0,11779,11779,11779,11779,0,11779,11779,0,0,0,0,0,0,0,0,0,64,0,1697937007,0,0,0,0,0,0,0,0,0,0,1,0,0,0,0,0,0,0,0,0,0,0,0,0,2,0,0,0,404,-1,0,32,0,0,0,0,0,0,0,0,benign
8001,57777,6,445741,1,1,0,0,0,0,0,0,0,0,0,0,0,448691056,445741,0,445741,445741,0,0,0,0,0,0,0,0,0,0,0,0,0,0,32,32,224345528,224345528,0,0,0,0,0,0,0,0,0,1,1,0,0,1,0,0,0,0,0,0,0,0,0,1,0,1,0,61,1386,0,32,0,0,0,0,0,0,0,0,adware
80,57977,6,6858,1,1,0,0,0,0,0,0,0,0,0,0,0,2916302129,6858,0,6858,6858,0,0,0,0,0,0,0,0,0,0,0,0,0,0,20,20,1458151064,1458151064,0,0,0,0,0,0,0,0,0,1,1,0,0,1,0,0,0,0,0,0,0,0,0,1,0,1,0,16,1386,0,20,0,0,0,0,0,0,0,0,GeneralMalware
8001,58077,6,508459,1,1,0,0,0,0,0,0,0,0,0,0,0,3933453828,508459,0,508459,508459,0,0,0,0,0,0,0,0,0,0,0,0,0,0,32,32,1966726914,1966726914,0,0,0,0,0,0,0,0,0,1,1,0,0,1,0,0,0,0,0,0,0,0,0,1,0,1,0,61,1386,0,32,0,0,0,0,0,0,0,0,adware
443,58261,6,11668,2,0,0,0,0,0,0,0,0,0,0,0,0,1714089818,11668,0,11668,11668,11668,11668,0,11668,11668,0,0,0,0,0,0,0,0,0,64,0,1714089818,0,0,0,0,0,0,0,0,0,0,1,0,0,0,0,0,0,0,0,0,0,0,0,0,2,0,0,0,404,-1,0,32,0,0,0,0,0,0,0,0,benign
8001,58327,6,415110,1,1,0,0,0,0,0,0,0,0,0,0,0,4818000048,415110,0,415110,415110,0,0,0,0,0,0,0,0,0,0,0,0,0,0,32,32,2409000024,2409000024,0,0,0,0,0,0,0,0,0,1,1,0,0,1,0,0,0,0,0,0,0,0,0,1,0,1,0,61,1386,0,32,0,0,0,0,0,0,0,0,adware
80,58355,6,80165,2,0,0,0,0,0,0,0,0,0,0,0,0,2494854363,80165,0,80165,80165,80165,80165,0,80165,80165,0,0,0,0,0,0,0,0,0,64,0,2494854363,0,0,0,0,0,0,0,0,0,0,1,0,0,0,0,0,0,0,0,0,0,0,0,0,2,0,0,0,236,-1,0,32,0,0,0,0,0,0,0,0,benign
443,58740,6,12572,2,0,0,0,0,0,0,0,0,0,0,0,0,159083678,12572,0,12572,12572,12572,12572,0,12572,12572,0,0,0,0,0,0,0,0,0,64,0,159083678,0,0,0,0,0,0,0,0,0,0,1,0,0,0,0,0,0,0,0,0,0,0,0,0,2,0,0,0,404,-1,0,32,0,0,0,0,0,0,0,0,benign
8001,58759,6,278466,1,1,0,0,0,0,0,0,0,0,0,0,0,7182205368,278466,0,278466,278466,0,0,0,0,0,0,0,0,0,0,0,0,0,0,32,32,3591102684,3591102684,0,0,0,0,0,0,0,0,0,1,1,0,0,1,0,0,0,0,0,0,0,0,0,1,0,1,0,61,1386,0,32,0,0,0,0,0,0,0,0,adware
443,58892,6,10215,2,0,0,0,0,0,0,0,0,0,0,0,0,1957905042,10215,0,10215,10215,10215,10215,0,10215,10215,0,0,0,0,0,0,0,0,0,64,0,1957905042,0,0,0,0,0,0,0,0,0,0,1,0,0,0,0,0,0,0,0,0,0,0,0,0,2,0,0,0,404,-1,0,32,0,0,0,0,0,0,0,0,benign
443,58917,6,8886,2,0,0,0,0,0,0,0,0,0,0,0,0,2250731488,8886,0,8886,8886,8886,8886,0,8886,8886,0,0,0,0,0,0,0,0,0,64,0,2250731488,0,0,0,0,0,0,0,0,0,0,1,0,0,0,0,0,0,0,0,0,0,0,0,0,2,0,0,0,404,-1,0,32,0,0,0,0,0,0,0,0,benign
443,58994,6,11925,2,0,0,0,0,0,0,0,0,0,0,0,0,1677148847,11925,0,11925,11925,11925,11925,0,11925,11925,0,0,0,0,0,0,0,0,0,64,0,1677148847,0,0,0,0,0,0,0,0,0,0,1,0,0,0,0,0,0,0,0,0,0,0,0,0,2,0,0,0,425,-1,0,32,0,0,0,0,0,0,0,0,benign
443,59279,6,10856,2,0,0,0,0,0,0,0,0,0,0,0,0,1842299189,10856,0,10856,10856,10856,10856,0,10856,10856,0,0,0,0,0,0,0,0,0,64,0,1842299189,0,0,0,0,0,0,0,0,0,0,1,0,0,0,0,0,0,0,0,0,0,0,0,0,2,0,0,0,404,-1,0,32,0,0,0,0,0,0,0,0,benign
8001,59377,6,449658,1,1,0,0,0,0,0,0,0,0,0,0,0,4447824791,449658,0,449658,449658,0,0,0,0,0,0,0,0,0,0,0,0,0,0,32,32,2223912396,2223912396,0,0,0,0,0,0,0,0,0,1,1,0,0,1,0,0,0,0,0,0,0,0,0,1,0,1,0,61,1386,0,32,0,0,0,0,0,0,0,0,adware
443,59534,6,9646,2,0,0,0,0,0,0,0,0,0,0,0,0,20733983,9646,0,9646,9646,9646,9646,0,9646,9646,0,0,0,0,0,0,0,0,0,64,0,20733983,0,0,0,0,0,0,0,0,0,0,1,0,0,0,0,0,0,0,0,0,0,0,0,0,2,0,0,0,404,-1,0,32,0,0,0,0,0,0,0,0,benign
443,59558,6,12299,2,0,0,0,0,0,0,0,0,0,0,0,0,1626148467,12299,0,12299,12299,12299,12299,0,12299,12299,0,0,0,0,0,0,0,0,0,64,0,1626148467,0,0,0,0,0,0,0,0,0,0,1,0,0,0,0,0,0,0,0,0,0,0,0,0,2,0,0,0,404,-1,0,32,0,0,0,0,0,0,0,0,benign
80,59746,6,14892,1,1,0,0,0,0,0,0,0,0,0,0,0,1343002955,14892,0,14892,14892,0,0,0,0,0,0,0,0,0,0,0,0,0,0,20,20,6715014773,6715014773,0,0,0,0,0,0,0,0,0,1,1,0,0,1,0,0,0,0,0,0,0,0,0,1,0,1,0,16,1386,0,20,0,0,0,0,0,0,0,0,GeneralMalware
443,59934,6,9826,2,0,0,0,0,0,0,0,0,0,0,0,0,2035416243,9826,0,9826,9826,9826,9826,0,9826,9826,0,0,0,0,0,0,0,0,0,64,0,2035416243,0,0,0,0,0,0,0,0,0,0,1,0,0,0,0,0,0,0,0,0,0,0,0,0,2,0,0,0,404,-1,0,32,0,0,0,0,0,0,0,0,benign
8001,60067,6,15094,1,1,0,0,0,0,0,0,0,0,0,0,0,1325029813,15094,0,15094,15094,0,0,0,0,0,0,0,0,0,0,0,0,0,0,32,32,6625149066,6625149066,0,0,0,0,0,0,0,0,0,1,1,0,0,1,0,0,0,0,0,0,0,0,0,1,0,1,0,61,1386,0,32,0,0,0,0,0,0,0,0,adware
443,60401,6,12830,2,0,0,0,0,0,0,0,0,0,0,0,0,1558846454,12830,0,12830,12830,12830,12830,0,12830,12830,0,0,0,0,0,0,0,0,0,64,0,1558846454,0,0,0,0,0,0,0,0,0,0,1,0,0,0,0,0,0,0,0,0,0,0,0,0,2,0,0,0,404,-1,0,32,0,0,0,0,0,0,0,0,benign
443,60513,6,3013,2,0,0,0,0,0,0,0,0,0,0,0,0,6637902423,3013,0,3013,3013,3013,3013,0,3013,3013,0,0,0,0,0,0,0,0,0,64,0,6637902423,0,0,0,0,0,0,0,0,0,0,1,0,0,0,0,0,0,0,0,0,0,0,0,0,2,0,0,0,404,-1,0,32,0,0,0,0,0,0,0,0,benign
8001,60521,6,441566,1,1,0,0,0,0,0,0,0,0,0,0,0,4529334233,441566,0,441566,441566,0,0,0,0,0,0,0,0,0,0,0,0,0,0,32,32,2264667117,2264667117,0,0,0,0,0,0,0,0,0,1,1,0,0,1,0,0,0,0,0,0,0,0,0,1,0,1,0,61,1386,0,32,0,0,0,0,0,0,0,0,adware
8001,60600,6,423287,1,1,0,0,0,0,0,0,0,0,0,0,0,4724926586,423287,0,423287,423287,0,0,0,0,0,0,0,0,0,0,0,0,0,0,32,32,2362463293,2362463293,0,0,0,0,0,0,0,0,0,1,1,0,0,1,0,0,0,0,0,0,0,0,0,1,0,1,0,61,1386,0,32,0,0,0,0,0,0,0,0,adware
8001,60670,6,313882,1,1,0,0,0,0,0,0,0,0,0,0,0,6371821258,313882,0,313882,313882,0,0,0,0,0,0,0,0,0,0,0,0,0,0,32,32,3185910629,3185910629,0,0,0,0,0,0,0,0,0,1,1,0,0,1,0,0,0,0,0,0,0,0,0,1,0,1,0,61,1386,0,32,0,0,0,0,0,0,0,0,adware
80,60676,6,14882,1,1,0,0,0,0,0,0,0,0,0,0,0,1343905389,14882,0,14882,14882,0,0,0,0,0,0,0,0,0,0,0,0,0,0,20,20,6719526945,6719526945,0,0,0,0,0,0,0,0,0,1,1,0,0,1,0,0,0,0,0,0,0,0,0,1,0,1,0,16,1386,0,20,0,0,0,0,0,0,0,0,GeneralMalware
80,60840,6,1231245,1,1,0,0,0,0,0,0,0,0,0,0,0,1624372079,1231245,0,1231245,1231245,0,0,0,0,0,0,0,0,0,0,0,0,0,0,20,20,0.812186039,0.812186039,0,0,0,0,0,0,0,0,0,1,1,0,0,1,0,0,0,0,0,0,0,0,0,1,0,1,0,1386,1386,0,20,0,0,0,0,0,0,0,0,GeneralMalware
443,60955,6,23,3,0,31,0,31,0,1033333333,1789785834,0,0,0,0,1347826087,1304347826,0,2121320344,13,10,23,0,2121320344,13,10,0,0,0,0,0,0,0,0,0,96,0,1304347826,0,0,31,0,1,10,0,0,0,0,1,0,0,0,0,1033333333,1033333333,0,0,0,0,0,0,0,3,31,0,0,978,-1,1,32,0,0,0,0,0,0,0,0,benign