Source Port,Destination Port,Protocol,Flow Duration,Total Fwd Packets,Flow Packets/s,Flow IAT Mean,Flow IAT Max,Flow IAT Min,Fwd IAT Total,Fwd IAT Mean,Fwd IAT Max,Fwd IAT Min,Fwd Header Length,Bwd Header Length,Fwd Packets/s,Init Win Bytes Fwd,Label
57665,8001,6,65938757,5,0.15,7326528.56,63800000.00,2,2116246.00,529061.50,726502.00,2.00,168,168,0.08,65535,adware
38035,8001,6,65953063,5,0.15,7328118.11,63800000.00,2,2136869.00,534217.25,721875.00,2.00,168,168,0.08,65535,adware
55166,8001,6,60063007,6,0.17,6673667.44,57900000.00,3,60100000.00,12000000.00,57900000.00,3.00,200,136,0.10,65535,adware
38035,8001,6,53901637,2,0.04,53900000.00,53900000.00,53900000,53900000.00,53900000.00,53900000.00,53900000.00,64,0,0.04,1386,adware
57665,8001,6,113902273,2,0.02,114000000.00,114000000.00,114000000,114000000.00,114000000.00,114000000.00,114000000.00,64,0,0.02,1386,adware
56906,8001,6,1911121,2,1.05,1911121.00,1911121.00,1911121,1911121.00,1911121.00,1911121.00,1911121.00,64,0,1.05,1386,adware
46313,8001,6,1973001,2,1.01,1973001.00,1973001.00,1973001,1973001.00,1973001.00,1973001.00,1973001.00,64,0,1.01,1386,adware
50853,8001,6,2159627,2,0.93,2159627.00,2159627.00,2159627,2159627.00,2159627.00,2159627.00,2159627.00,64,0,0.93,1386,adware
47901,8001,6,2153502,2,0.93,2153502.00,2153502.00,2153502,2153502.00,2153502.00,2153502.00,2153502.00,64,0,0.93,1386,adware
41409,8001,6,2179495,2,0.92,2179495.00,2179495.00,2179495,2179495.00,2179495.00,2179495.00,2179495.00,64,0,0.92,1386,adware
43826,8001,6,2177629,2,0.92,2177629.00,2177629.00,2177629,2177629.00,2177629.00,2177629.00,2177629.00,64,0,0.92,1386,adware
36845,8001,6,2177627,2,0.92,2177627.00,2177627.00,2177627,2177627.00,2177627.00,2177627.00,2177627.00,64,0,0.92,1386,adware
60978,8001,6,2198625,2,0.91,2198625.00,2198625.00,2198625,2198625.00,2198625.00,2198625.00,2198625.00,64,0,0.91,1386,adware
36310,8001,6,2238739,2,0.89,2238739.00,2238739.00,2238739,2238739.00,2238739.00,2238739.00,2238739.00,64,0,0.89,1386,adware
38646,8001,6,2334371,2,0.86,2334371.00,2334371.00,2334371,2334371.00,2334371.00,2334371.00,2334371.00,64,0,0.86,1386,adware
41216,8001,6,2899751,2,0.69,2899751.00,2899751.00,2899751,2899751.00,2899751.00,2899751.00,2899751.00,64,0,0.69,1386,adware
33573,8001,6,2917000,2,0.69,2917000.00,2917000.00,2917000,2917000.00,2917000.00,2917000.00,2917000.00,64,0,0.69,1386,adware
38456,8001,6,2915253,2,0.69,2915253.00,2915253.00,2915253,2915253.00,2915253.00,2915253.00,2915253.00,64,0,0.69,1386,adware
59490,8001,6,2928752,2,0.68,2928752.00,2928752.00,2928752,2928752.00,2928752.00,2928752.00,2928752.00,64,0,0.68,1386,adware
55131,8001,6,2947622,2,0.68,2947622.00,2947622.00,2947622,2947622.00,2947622.00,2947622.00,2947622.00,64,0,0.68,1386,adware
55899,8001,6,2956125,2,0.68,2956125.00,2956125.00,2956125,2956125.00,2956125.00,2956125.00,2956125.00,64,0,0.68,1386,adware
57665,8001,6,4095750,2,0.49,4095750.00,4095750.00,4095750,4095750.00,4095750.00,4095750.00,4095750.00,64,0,0.49,1386,adware
38035,8001,6,4275629,2,0.47,4275629.00,4275629.00,4275629,4275629.00,4275629.00,4275629.00,4275629.00,64,0,0.47,1386,adware
56906,8001,6,7610753,2,0.26,7610753.00,7610753.00,7610753,7610753.00,7610753.00,7610753.00,7610753.00,64,0,0.26,1386,adware
46313,8001,6,7936873,2,0.25,7936873.00,7936873.00,7936873,7936873.00,7936873.00,7936873.00,7936873.00,64,0,0.25,1386,adware
50853,8001,6,8660253,2,0.23,8660253.00,8660253.00,8660253,8660253.00,8660253.00,8660253.00,8660253.00,64,0,0.23,1386,adware
47901,8001,6,8656005,2,0.23,8656005.00,8656005.00,8656005,8656005.00,8656005.00,8656005.00,8656005.00,64,0,0.23,1386,adware
41409,8001,6,8754502,2,0.23,8754502.00,8754502.00,8754502,8754502.00,8754502.00,8754502.00,8754502.00,64,0,0.23,1386,adware
43826,8001,6,8754502,2,0.23,8754502.00,8754502.00,8754502,8754502.00,8754502.00,8754502.00,8754502.00,64,0,0.23,1386,adware
36845,8001,6,8754502,2,0.23,8754502.00,8754502.00,8754502,8754502.00,8754502.00,8754502.00,8754502.00,64,0,0.23,1386,adware
60978,8001,6,8869378,2,0.23,8869378.00,8869378.00,8869378,8869378.00,8869378.00,8869378.00,8869378.00,64,0,0.23,1386,adware
36310,8001,6,8968752,2,0.22,8968752.00,8968752.00,8968752,8968752.00,8968752.00,8968752.00,8968752.00,64,0,0.22,1386,adware
38646,8001,6,9344878,2,0.21,9344878.00,9344878.00,9344878,9344878.00,9344878.00,9344878.00,9344878.00,64,0,0.21,1386,adware
41216,8001,6,11559380,2,0.17,11600000.00,11600000.00,11600000,11600000.00,11600000.00,11600000.00,11600000.00,64,0,0.17,1386,adware
33573,8001,6,11681255,2,0.17,11700000.00,11700000.00,11700000,11700000.00,11700000.00,11700000.00,11700000.00,64,0,0.17,1386,adware
38456,8001,6,11681255,2,0.17,11700000.00,11700000.00,11700000,11700000.00,11700000.00,11700000.00,11700000.00,64,0,0.17,1386,adware
59490,8001,6,11745878,2,0.17,11700000.00,11700000.00,11700000,11700000.00,11700000.00,11700000.00,11700000.00,64,0,0.17,1386,adware
55131,8001,6,11784505,2,0.17,11800000.00,11800000.00,11800000,11800000.00,11800000.00,11800000.00,11800000.00,64,0,0.17,1386,adware
55899,8001,6,11848999,2,0.17,11800000.00,11800000.00,11800000,11800000.00,11800000.00,11800000.00,11800000.00,64,0,0.17,1386,adware
57665,8001,6,16360629,2,0.12,16400000.00,16400000.00,16400000,16400000.00,16400000.00,16400000.00,16400000.00,64,0,0.12,1386,adware
38035,8001,6,17079002,2,0.12,17100000.00,17100000.00,17100000,17100000.00,17100000.00,17100000.00,17100000.00,64,0,0.12,1386,adware
56906,8001,6,30441755,2,0.07,30400000.00,30400000.00,30400000,30400000.00,30400000.00,30400000.00,30400000.00,64,0,0.07,1386,adware
46313,8001,6,31751999,2,0.06,31800000.00,31800000.00,31800000,31800000.00,31800000.00,31800000.00,31800000.00,64,0,0.06,1386,adware
57206,8001,6,65552859,5,0.17,6555285.90,64700000.00,2,827623.00,206905.75,279998.00,2.00,168,200,0.08,65535,adware
50853,8001,6,34680630,2,0.06,34700000.00,34700000.00,34700000,34700000.00,34700000.00,34700000.00,34700000.00,64,0,0.06,1386,adware
47901,8001,6,34681871,2,0.06,34700000.00,34700000.00,34700000,34700000.00,34700000.00,34700000.00,34700000.00,64,0,0.06,1386,adware
41409,8001,6,34999505,2,0.06,35000000.00,35000000.00,35000000,35000000.00,35000000.00,35000000.00,35000000.00,64,0,0.06,1386,adware
43826,8001,6,34999506,2,0.06,35000000.00,35000000.00,35000000,35000000.00,35000000.00,35000000.00,35000000.00,64,0,0.06,1386,adware
36845,8001,6,34998391,2,0.06,35000000.00,35000000.00,35000000,35000000.00,35000000.00,35000000.00,35000000.00,64,0,0.06,1386,adware
60978,8001,6,35441007,2,0.06,35400000.00,35400000.00,35400000,35400000.00,35400000.00,35400000.00,35400000.00,64,0,0.06,1386,adware
36310,8001,6,35887135,2,0.06,35900000.00,35900000.00,35900000,35900000.00,35900000.00,35900000.00,35900000.00,64,0,0.06,1386,adware
38646,8001,6,37401007,2,0.05,37400000.00,37400000.00,37400000,37400000.00,37400000.00,37400000.00,37400000.00,64,0,0.05,1386,adware
41216,8001,6,46249758,2,0.04,46200000.00,46200000.00,46200000,46200000.00,46200000.00,46200000.00,46200000.00,64,0,0.04,1386,adware
33573,8001,6,46720260,2,0.04,46700000.00,46700000.00,46700000,46700000.00,46700000.00,46700000.00,46700000.00,64,0,0.04,1386,adware
38456,8001,6,46720259,2,0.04,46700000.00,46700000.00,46700000,46700000.00,46700000.00,46700000.00,46700000.00,64,0,0.04,1386,adware
59490,8001,6,46963632,2,0.04,47000000.00,47000000.00,47000000,47000000.00,47000000.00,47000000.00,47000000.00,64,0,0.04,1386,adware
55131,8001,6,47127008,2,0.04,47100000.00,47100000.00,47100000,47100000.00,47100000.00,47100000.00,47100000.00,64,0,0.04,1386,adware
55899,8001,6,47285513,2,0.04,47300000.00,47300000.00,47300000,47300000.00,47300000.00,47300000.00,47300000.00,64,0,0.04,1386,adware
36754,8001,6,65974962,5,0.15,7330551.33,64300000.00,3,1705244.00,426311.00,717369.00,3.00,168,168,0.08,65535,adware
54804,8001,6,69105261,5,0.16,6910526.10,63900000.00,2,5236743.00,1309185.75,3796751.00,2.00,168,200,0.07,65535,adware
49366,8001,6,65979350,5,0.15,7331038.89,63800000.00,2,2166743.00,541685.75,726867.00,2.00,168,168,0.08,65535,adware
35490,8001,6,65893684,5,0.15,7321520.44,63800000.00,3,2083367.00,520841.75,725751.00,3.00,168,168,0.08,65535,adware
34390,8001,6,65988513,5,0.15,7332057.00,64400000.00,3,1545493.00,386373.25,643115.00,3.00,168,168,0.08,65535,adware
48509,8001,6,66075710,5,0.15,7341745.56,63900000.00,3,2169375.00,542343.75,730625.00,3.00,168,168,0.08,65535,adware
42285,8001,6,65901777,5,0.15,7322419.67,63800000.00,3,2093500.00,523375.00,723751.00,3.00,168,168,0.08,65535,adware
51020,8001,6,65926845,5,0.15,7325205.00,63800000.00,3,2102619.00,525654.75,720752.00,3.00,168,168,0.08,65535,adware
51715,8001,6,65891195,5,0.15,7321243.89,63600000.00,2,2286242.00,571560.50,927876.00,2.00,168,168,0.08,65535,adware
33039,8001,6,65924074,5,0.15,7324897.11,63800000.00,3,2105744.00,526436.00,721375.00,3.00,168,168,0.08,65535,adware
33116,8001,6,65960701,5,0.15,7328966.78,63800000.00,3,2114244.00,528561.00,723499.00,3.00,168,168,0.08,65535,adware
45606,8001,6,65937165,5,0.15,7326351.67,63800000.00,2,2126742.00,531685.50,721374.00,2.00,168,168,0.08,65535,adware
60925,8001,6,65952456,5,0.15,7328050.67,63800000.00,2,2138995.00,534748.75,724627.00,2.00,168,168,0.08,65535,adware
55116,8001,6,65957078,4,0.14,8244634.75,64500000.00,2,1435620.00,478540.00,729125.00,2.00,136,168,0.06,65535,adware
37441,8001,6,65912765,5,0.15,7323640.56,63800000.00,2,2103242.00,525810.50,724501.00,2.00,168,168,0.08,65535,adware
54095,8001,6,2526251,6,3.96,280694.56,682294.00,2,2526251.00,505250.20,1025249.00,2.00,200,136,2.38,65535,adware
51227,8001,6,62546765,6,0.16,6949640.56,60400000.00,2,62500000.00,12500000.00,60400000.00,2.00,200,136,0.10,65535,adware
37441,8001,6,56462010,2,0.04,56500000.00,56500000.00,56500000,56500000.00,56500000.00,56500000.00,56500000.00,64,0,0.04,1386,adware
55116,8001,6,116472526,2,0.02,116000000.00,116000000.00,116000000,116000000.00,116000000.00,116000000.00,116000000.00,64,0,0.02,1386,adware
42285,8001,6,2928384,2,0.68,2928384.00,2928384.00,2928384,2928384.00,2928384.00,2928384.00,2928384.00,64,0,0.68,1386,adware
51715,8001,6,2931376,2,0.68,2931376.00,2931376.00,2931376,2931376.00,2931376.00,2931376.00,2931376.00,64,0,0.68,1386,adware
33116,8001,6,2938124,2,0.68,2938124.00,2938124.00,2938124,2938124.00,2938124.00,2938124.00,2938124.00,64,0,0.68,1386,adware
33039,8001,6,2938122,2,0.68,2938122.00,2938122.00,2938122,2938122.00,2938122.00,2938122.00,2938122.00,64,0,0.68,1386,adware
51020,8001,6,2936629,2,0.68,2936629.00,2936629.00,2936629,2936629.00,2936629.00,2936629.00,2936629.00,64,0,0.68,1386,adware
60925,8001,6,2964376,2,0.67,2964376.00,2964376.00,2964376,2964376.00,2964376.00,2964376.00,2964376.00,64,0,0.67,1386,adware
45606,8001,6,2962629,2,0.68,2962629.00,2962629.00,2962629,2962629.00,2962629.00,2962629.00,2962629.00,64,0,0.68,1386,adware
57206,8001,6,3275124,2,0.61,3275124.00,3275124.00,3275124,3275124.00,3275124.00,3275124.00,3275124.00,64,0,0.61,1386,adware
34390,8001,6,3316497,2,0.60,3316497.00,3316497.00,3316497,3316497.00,3316497.00,3316497.00,3316497.00,64,0,0.60,1386,adware
35490,8001,6,3329239,2,0.60,3329239.00,3329239.00,3329239,3329239.00,3329239.00,3329239.00,3329239.00,64,0,0.60,1386,adware
36754,8001,6,3372123,2,0.59,3372123.00,3372123.00,3372123,3372123.00,3372123.00,3372123.00,3372123.00,64,0,0.59,1386,adware
54804,8001,6,3379371,2,0.59,3379371.00,3379371.00,3379371,3379371.00,3379371.00,3379371.00,3379371.00,64,0,0.59,1386,adware
48509,8001,6,3374754,2,0.59,3374754.00,3374754.00,3374754,3374754.00,3374754.00,3374754.00,3374754.00,64,0,0.59,1386,adware
49366,8001,6,3387997,2,0.59,3387997.00,3387997.00,3387997,3387997.00,3387997.00,3387997.00,3387997.00,64,0,0.59,1386,adware
54095,8001,6,368833,1,5.42,368833.00,368833.00,368833,0.00,0.00,0.00,0.00,32,32,2.71,1386,adware
37441,8001,6,5846746,2,0.34,5846746.00,5846746.00,5846746,5846746.00,5846746.00,5846746.00,5846746.00,64,0,0.34,1386,adware
55116,8001,6,5948501,2,0.34,5948501.00,5948501.00,5948501,5948501.00,5948501.00,5948501.00,5948501.00,64,0,0.34,1386,adware
42285,8001,6,11659376,2,0.17,11700000.00,11700000.00,11700000,11700000.00,11700000.00,11700000.00,11700000.00,64,0,0.17,1386,adware
51715,8001,6,11724504,2,0.17,11700000.00,11700000.00,11700000,11700000.00,11700000.00,11700000.00,11700000.00,64,0,0.17,1386,adware
33039,8001,6,11765750,2,0.17,11800000.00,11800000.00,11800000,11800000.00,11800000.00,11800000.00,11800000.00,64,0,0.17,1386,adware
51020,8001,6,11765751,2,0.17,11800000.00,11800000.00,11800000,11800000.00,11800000.00,11800000.00,11800000.00,64,0,0.17,1386,adware
33116,8001,6,11782628,2,0.17,11800000.00,11800000.00,11800000,11800000.00,11800000.00,11800000.00,11800000.00,64,0,0.17,1386,adware
60925,8001,6,11884503,2,0.17,11900000.00,11900000.00,11900000,11900000.00,11900000.00,11900000.00,11900000.00,64,0,0.17,1386,adware
45606,8001,6,11884503,2,0.17,11900000.00,11900000.00,11900000,11900000.00,11900000.00,11900000.00,11900000.00,64,0,0.17,1386,adware
57206,8001,6,13059502,2,0.15,13100000.00,13100000.00,13100000,13100000.00,13100000.00,13100000.00,13100000.00,64,0,0.15,1386,adware
34390,8001,6,13267130,2,0.15,13300000.00,13300000.00,13300000,13300000.00,13300000.00,13300000.00,13300000.00,64,0,0.15,1386,adware
35490,8001,6,13324502,2,0.15,13300000.00,13300000.00,13300000,13300000.00,13300000.00,13300000.00,13300000.00,64,0,0.15,1386,adware
36754,8001,6,13510128,2,0.15,13500000.00,13500000.00,13500000,13500000.00,13500000.00,13500000.00,13500000.00,64,0,0.15,1386,adware
54804,8001,6,13520001,2,0.15,13500000.00,13500000.00,13500000,13500000.00,13500000.00,13500000.00,13500000.00,64,0,0.15,1386,adware
48509,8001,6,13520001,2,0.15,13500000.00,13500000.00,13500000,13500000.00,13500000.00,13500000.00,13500000.00,64,0,0.15,1386,adware
49366,8001,6,13540128,2,0.15,13500000.00,13500000.00,13500000,13500000.00,13500000.00,13500000.00,13500000.00,64,0,0.15,1386,adware
37441,8001,6,23441753,2,0.09,23400000.00,23400000.00,23400000,23400000.00,23400000.00,23400000.00,23400000.00,64,0,0.09,1386,adware
55116,8001,6,23843751,2,0.08,23800000.00,23800000.00,23800000,23800000.00,23800000.00,23800000.00,23800000.00,64,0,0.08,1386,adware
42285,8001,6,46638884,2,0.04,46600000.00,46600000.00,46600000,46600000.00,46600000.00,46600000.00,46600000.00,64,0,0.04,1386,adware
51715,8001,6,46806514,2,0.04,46800000.00,46800000.00,46800000,46800000.00,46800000.00,46800000.00,46800000.00,64,0,0.04,1386,adware
33039,8001,6,46966760,2,0.04,47000000.00,47000000.00,47000000,47000000.00,47000000.00,47000000.00,47000000.00,64,0,0.04,1386,adware
51020,8001,6,46966762,2,0.04,47000000.00,47000000.00,47000000,47000000.00,47000000.00,47000000.00,47000000.00,64,0,0.04,1386,adware
33116,8001,6,47208261,2,0.04,47200000.00,47200000.00,47200000,47200000.00,47200000.00,47200000.00,47200000.00,64,0,0.04,1386,adware
60925,8001,6,47517632,2,0.04,47500000.00,47500000.00,47500000,47500000.00,47500000.00,47500000.00,47500000.00,64,0,0.04,1386,adware
45606,8001,6,47517631,2,0.04,47500000.00,47500000.00,47500000,47500000.00,47500000.00,47500000.00,47500000.00,64,0,0.04,1386,adware
57206,8001,6,52325641,2,0.04,52300000.00,52300000.00,52300000,52300000.00,52300000.00,52300000.00,52300000.00,64,0,0.04,1386,adware
34390,8001,6,53123635,2,0.04,53100000.00,53100000.00,53100000,53100000.00,53100000.00,53100000.00,53100000.00,64,0,0.04,1386,adware
35490,8001,6,53287014,2,0.04,53300000.00,53300000.00,53300000,53300000.00,53300000.00,53300000.00,53300000.00,64,0,0.04,1386,adware
36754,8001,6,54000381,2,0.04,54000000.00,54000000.00,54000000,54000000.00,54000000.00,54000000.00,54000000.00,64,0,0.04,1386,adware
54804,8001,6,54000383,2,0.04,54000000.00,54000000.00,54000000,54000000.00,54000000.00,54000000.00,54000000.00,64,0,0.04,1386,adware
48509,8001,6,54000383,2,0.04,54000000.00,54000000.00,54000000,54000000.00,54000000.00,54000000.00,54000000.00,64,0,0.04,1386,adware
49366,8001,6,54167011,2,0.04,54200000.00,54200000.00,54200000,54200000.00,54200000.00,54200000.00,54200000.00,64,0,0.04,1386,adware
58631,8001,6,65982983,5,0.15,7331442.56,63800000.00,3,2165373.00,541343.25,724747.00,3.00,168,168,0.08,65535,adware
36372,8001,6,65895230,5,0.17,6589523.00,63800000.00,2,2075620.00,518905.00,723001.00,2.00,168,200,0.08,65535,adware
33687,8001,6,65962154,5,0.15,7329128.22,63800000.00,2,2142860.00,535715.00,719122.00,2.00,168,168,0.08,65535,adware
39230,8001,6,65988603,5,0.15,7332067.00,63800000.00,3,2147362.00,536840.50,721125.00,3.00,168,168,0.08,65535,adware
54928,8001,6,66088795,5,0.15,7343199.44,53700000.00,2,12400000.00,3095217.25,11000000.00,2.00,168,168,0.08,65535,adware
53335,8001,6,66052313,5,0.15,7339145.89,63900000.00,3,2149622.00,537405.50,724374.00,3.00,168,168,0.08,65535,adware
49527,8001,6,65933156,4,0.14,8241644.50,64500000.00,2,1407998.00,469332.67,732750.00,2.00,136,168,0.06,65535,adware
56028,8001,6,65897491,5,0.15,7321943.44,63800000.00,2,2080495.00,520123.75,722128.00,2.00,168,168,0.08,65535,adware
35246,8001,6,65913077,5,0.15,7323675.22,63800000.00,3,2093992.00,523498.00,723125.00,3.00,168,168,0.08,65535,adware
51233,8001,6,66014007,5,0.15,7334889.67,63900000.00,2,2109370.00,527342.50,724251.00,2.00,168,168,0.08,65535,adware
59547,8001,6,66015657,5,0.15,7335073.00,63900000.00,3,2110618.00,527654.50,721250.00,3.00,168,168,0.08,65535,adware
41712,8001,6,65933589,5,0.15,7325954.33,63800000.00,3,2113874.00,528468.50,723500.00,3.00,168,168,0.08,65535,adware
41712,8001,6,119573895,2,0.02,120000000.00,120000000.00,120000000,120000000.00,120000000.00,120000000.00,120000000.00,64,0,0.02,1386,adware
54240,8001,6,5819502,6,1.72,646611.33,3685125.00,808,5819502.00,1163900.40,3685125.00,2749.00,200,136,1.03,65535,adware
37270,8001,6,65826765,6,0.15,7314085.00,63700000.00,2,65800000.00,13200000.00,63700000.00,2.00,200,136,0.09,65535,adware
58631,8001,6,3173501,2,0.63,3173501.00,3173501.00,3173501,3173501.00,3173501.00,3173501.00,3173501.00,64,0,0.63,1386,adware
36372,8001,6,3173501,2,0.63,3173501.00,3173501.00,3173501,3173501.00,3173501.00,3173501.00,3173501.00,64,0,0.63,1386,adware
54928,8001,6,3172011,2,0.63,3172011.00,3172011.00,3172011,3172011.00,3172011.00,3172011.00,3172011.00,64,0,0.63,1386,adware
39230,8001,6,3172998,2,0.63,3172998.00,3172998.00,3172998,3172998.00,3172998.00,3172998.00,3172998.00,64,0,0.63,1403,adware
33687,8001,6,3172999,2,0.63,3172999.00,3172999.00,3172999,3172999.00,3172999.00,3172999.00,3172999.00,64,0,0.63,1386,adware
53335,8001,6,3172999,2,0.63,3172999.00,3172999.00,3172999,3172999.00,3172999.00,3172999.00,3172999.00,64,0,0.63,1386,adware
49527,8001,6,3172999,2,0.63,3172999.00,3172999.00,3172999,3172999.00,3172999.00,3172999.00,3172999.00,64,0,0.63,1386,adware
56028,8001,6,3172999,2,0.63,3172999.00,3172999.00,3172999,3172999.00,3172999.00,3172999.00,3172999.00,64,0,0.63,1386,adware
35246,8001,6,3173001,2,0.63,3173001.00,3173001.00,3173001,3173001.00,3173001.00,3173001.00,3173001.00,64,0,0.63,1386,adware
51233,8001,6,3173001,2,0.63,3173001.00,3173001.00,3173001,3173001.00,3173001.00,3173001.00,3173001.00,64,0,0.63,1386,adware
59547,8001,6,3171517,2,0.63,3171517.00,3171517.00,3171517,3171517.00,3171517.00,3171517.00,3171517.00,64,0,0.63,1386,adware
41712,8001,6,6360752,2,0.31,6360752.00,6360752.00,6360752,6360752.00,6360752.00,6360752.00,6360752.00,64,0,0.31,1386,adware
58631,8001,6,12700251,2,0.16,12700000.00,12700000.00,12700000,12700000.00,12700000.00,12700000.00,12700000.00,64,0,0.16,1386,adware
36372,8001,6,12700253,2,0.16,12700000.00,12700000.00,12700000,12700000.00,12700000.00,12700000.00,12700000.00,64,0,0.16,1386,adware
54928,8001,6,12700253,2,0.16,12700000.00,12700000.00,12700000,12700000.00,12700000.00,12700000.00,12700000.00,64,0,0.16,1386,adware
39230,8001,6,12700375,2,0.16,12700000.00,12700000.00,12700000,12700000.00,12700000.00,12700000.00,12700000.00,64,0,0.16,1403,adware
33687,8001,6,12700376,2,0.16,12700000.00,12700000.00,12700000,12700000.00,12700000.00,12700000.00,12700000.00,64,0,0.16,1386,adware
53335,8001,6,12700376,2,0.16,12700000.00,12700000.00,12700000,12700000.00,12700000.00,12700000.00,12700000.00,64,0,0.16,1386,adware
49527,8001,6,12700376,2,0.16,12700000.00,12700000.00,12700000,12700000.00,12700000.00,12700000.00,12700000.00,64,0,0.16,1386,adware
56028,8001,6,12700376,2,0.16,12700000.00,12700000.00,12700000,12700000.00,12700000.00,12700000.00,12700000.00,64,0,0.16,1386,adware
35246,8001,6,12700376,2,0.16,12700000.00,12700000.00,12700000,12700000.00,12700000.00,12700000.00,12700000.00,64,0,0.16,1386,adware
51233,8001,6,12700376,2,0.16,12700000.00,12700000.00,12700000,12700000.00,12700000.00,12700000.00,12700000.00,64,0,0.16,1386,adware
59547,8001,6,12700376,2,0.16,12700000.00,12700000.00,12700000,12700000.00,12700000.00,12700000.00,12700000.00,64,0,0.16,1386,adware
41712,8001,6,25411634,2,0.08,25400000.00,25400000.00,25400000,25400000.00,25400000.00,25400000.00,25400000.00,64,0,0.08,1386,adware
58631,8001,6,50881758,2,0.04,50900000.00,50900000.00,50900000,50900000.00,50900000.00,50900000.00,50900000.00,64,0,0.04,1386,adware
36372,8001,6,50881757,2,0.04,50900000.00,50900000.00,50900000,50900000.00,50900000.00,50900000.00,50900000.00,64,0,0.04,1386,adware
54928,8001,6,50879772,2,0.04,50900000.00,50900000.00,50900000,50900000.00,50900000.00,50900000.00,50900000.00,64,0,0.04,1386,adware
39230,8001,6,50880756,2,0.04,50900000.00,50900000.00,50900000,50900000.00,50900000.00,50900000.00,50900000.00,64,0,0.04,1403,adware
33687,8001,6,50880756,2,0.04,50900000.00,50900000.00,50900000,50900000.00,50900000.00,50900000.00,50900000.00,64,0,0.04,1386,adware
53335,8001,6,50880756,2,0.04,50900000.00,50900000.00,50900000,50900000.00,50900000.00,50900000.00,50900000.00,64,0,0.04,1386,adware
49527,8001,6,50880756,2,0.04,50900000.00,50900000.00,50900000,50900000.00,50900000.00,50900000.00,50900000.00,64,0,0.04,1386,adware
56028,8001,6,50880756,2,0.04,50900000.00,50900000.00,50900000,50900000.00,50900000.00,50900000.00,50900000.00,64,0,0.04,1386,adware
35246,8001,6,50880756,2,0.04,50900000.00,50900000.00,50900000,50900000.00,50900000.00,50900000.00,50900000.00,64,0,0.04,1386,adware
51233,8001,6,50879646,2,0.04,50900000.00,50900000.00,50900000,50900000.00,50900000.00,50900000.00,50900000.00,64,0,0.04,1386,adware
59547,8001,6,50880756,2,0.04,50900000.00,50900000.00,50900000,50900000.00,50900000.00,50900000.00,50900000.00,64,0,0.04,1386,adware
37613,8001,6,65951168,5,0.15,7327907.56,63800000.00,2,2135122.00,533780.50,724499.00,2.00,168,168,0.08,65535,adware
48279,8001,6,66074411,5,0.15,7341601.22,63900000.00,3,2165869.00,541467.25,730494.00,3.00,168,168,0.08,65535,adware
46755,8001,6,66004537,5,0.15,7333837.44,63800000.00,2,2172118.00,543029.50,731617.00,2.00,168,168,0.08,65535,adware
52894,8001,6,66096905,5,0.15,7344100.56,60800000.00,2,5253619.00,1313404.75,3786376.00,2.00,168,168,0.08,65535,adware
44999,8001,6,66016466,5,0.15,7335162.89,63900000.00,2,2084619.00,521154.75,722500.00,2.00,168,168,0.08,65535,adware
49669,8001,6,65994467,5,0.15,7332718.56,63900000.00,3,2090370.00,522592.50,722125.00,3.00,168,168,0.08,65535,adware
46702,8001,6,65894253,4,0.14,8236781.63,64500000.00,2,1363001.00,454333.67,726124.00,2.00,136,168,0.06,65535,adware
59017,8001,6,65916552,5,0.15,7324061.33,63800000.00,3,2091994.00,522998.50,717497.00,3.00,168,168,0.08,65535,adware
34129,8001,6,65954439,5,0.15,7328271.00,63800000.00,3,2113243.00,528310.75,719124.00,3.00,168,168,0.08,65535,adware
52342,8001,6,65934446,5,0.15,7326049.56,63800000.00,3,2113873.00,528468.25,721750.00,3.00,168,168,0.08,65535,adware
52878,8001,6,67952806,5,0.15,7550311.78,65800000.00,2,2119874.00,529968.50,725126.00,2.00,168,168,0.07,65535,adware
37813,8001,6,66010241,5,0.15,7334471.22,63900000.00,3,2123621.00,530905.25,722495.00,3.00,168,168,0.08,65535,adware
51417,8001,6,65911145,4,0.14,8238893.13,64500000.00,3,1412872.00,470957.33,729750.00,3.00,136,168,0.06,65535,adware
42523,8001,6,68857974,5,0.15,7650886.00,66700000.00,2,2148618.00,537154.50,723875.00,2.00,168,168,0.07,65535,adware
59902,8001,6,59971767,6,0.17,6663529.67,57800000.00,3,60000000.00,12000000.00,57800000.00,3.00,200,136,0.10,65535,adware
42523,8001,6,50729760,2,0.04,50700000.00,50700000.00,50700000,50700000.00,50700000.00,50700000.00,50700000.00,64,0,0.04,1386,adware
51417,8001,6,113804651,2,0.02,114000000.00,114000000.00,114000000,114000000.00,114000000.00,114000000.00,114000000.00,64,0,0.02,1386,adware
52342,8001,6,2772382,2,0.72,2772382.00,2772382.00,2772382,2772382.00,2772382.00,2772382.00,2772382.00,64,0,0.72,1386,adware
37613,8001,6,2896865,2,0.69,2896865.00,2896865.00,2896865,2896865.00,2896865.00,2896865.00,2896865.00,64,0,0.69,1386,adware
48279,8001,6,2895753,2,0.69,2895753.00,2895753.00,2895753,2895753.00,2895753.00,2895753.00,2895753.00,64,0,0.69,1386,adware
46755,8001,6,2895751,2,0.69,2895751.00,2895751.00,2895751,2895751.00,2895751.00,2895751.00,2895751.00,64,0,0.69,1386,adware
37813,8001,6,2901113,2,0.69,2901113.00,2901113.00,2901113,2901113.00,2901113.00,2901113.00,2901113.00,64,0,0.69,1386,adware
44999,8001,6,2894877,2,0.69,2894877.00,2894877.00,2894877,2894877.00,2894877.00,2894877.00,2894877.00,64,0,0.69,1386,adware
52878,8001,6,2894877,2,0.69,2894877.00,2894877.00,2894877,2894877.00,2894877.00,2894877.00,2894877.00,64,0,0.69,1386,adware
49669,8001,6,2893257,2,0.69,2893257.00,2893257.00,2893257,2893257.00,2893257.00,2893257.00,2893257.00,64,0,0.69,1386,adware
52894,8001,6,2911116,2,0.69,2911116.00,2911116.00,2911116,2911116.00,2911116.00,2911116.00,2911116.00,64,0,0.69,1386,adware
46702,8001,6,2898378,2,0.69,2898378.00,2898378.00,2898378,2898378.00,2898378.00,2898378.00,2898378.00,64,0,0.69,1386,adware
34129,8001,6,2898378,2,0.69,2898378.00,2898378.00,2898378,2898378.00,2898378.00,2898378.00,2898378.00,64,0,0.69,1386,adware
59017,8001,6,2898378,2,0.69,2898378.00,2898378.00,2898378,2898378.00,2898378.00,2898378.00,2898378.00,64,0,0.69,1386,adware
42523,8001,6,5808506,2,0.34,5808506.00,5808506.00,5808506,5808506.00,5808506.00,5808506.00,5808506.00,64,0,0.34,1386,adware
51417,8001,6,5809494,2,0.34,5809494.00,5809494.00,5809494,5809494.00,5809494.00,5809494.00,5809494.00,64,0,0.34,1386,adware
52342,8001,6,11021000,2,0.18,11000000.00,11000000.00,11000000,11000000.00,11000000.00,11000000.00,11000000.00,64,0,0.18,1386,adware
37613,8001,6,11579876,2,0.17,11600000.00,11600000.00,11600000,11600000.00,11600000.00,11600000.00,11600000.00,64,0,0.17,1386,adware
48279,8001,6,11579876,2,0.17,11600000.00,11600000.00,11600000,11600000.00,11600000.00,11600000.00,11600000.00,64,0,0.17,1386,adware
46755,8001,6,11579877,2,0.17,11600000.00,11600000.00,11600000,11600000.00,11600000.00,11600000.00,11600000.00,64,0,0.17,1386,adware
37813,8001,6,11579879,2,0.17,11600000.00,11600000.00,11600000,11600000.00,11600000.00,11600000.00,11600000.00,64,0,0.17,1386,adware
44999,8001,6,11579880,2,0.17,11600000.00,11600000.00,11600000,11600000.00,11600000.00,11600000.00,11600000.00,64,0,0.17,1386,adware
52878,8001,6,11579880,2,0.17,11600000.00,11600000.00,11600000,11600000.00,11600000.00,11600000.00,11600000.00,64,0,0.17,1386,adware
49669,8001,6,11579880,2,0.17,11600000.00,11600000.00,11600000,11600000.00,11600000.00,11600000.00,11600000.00,64,0,0.17,1386,adware
46702,8001,6,11600252,2,0.17,11600000.00,11600000.00,11600000,11600000.00,11600000.00,11600000.00,11600000.00,64,0,0.17,1386,adware
34129,8001,6,11600252,2,0.17,11600000.00,11600000.00,11600000,11600000.00,11600000.00,11600000.00,11600000.00,64,0,0.17,1386,adware
59017,8001,6,11600251,2,0.17,11600000.00,11600000.00,11600000,11600000.00,11600000.00,11600000.00,11600000.00,64,0,0.17,1386,adware
52894,8001,6,11685876,2,0.17,11700000.00,11700000.00,11700000,11700000.00,11700000.00,11700000.00,11700000.00,64,0,0.17,1386,adware
42523,8001,6,23200007,2,0.09,23200000.00,23200000.00,23200000,23200000.00,23200000.00,23200000.00,23200000.00,64,0,0.09,1386,adware
51417,8001,6,23200127,2,0.09,23200000.00,23200000.00,23200000,23200000.00,23200000.00,23200000.00,23200000.00,64,0,0.09,1386,adware
33623,8001,6,65972398,5,0.14,8246549.75,61300000.00,2,4643871.00,1160967.75,3179502.00,2.00,168,136,0.08,65535,adware
52342,8001,6,44068881,2,0.05,44100000.00,44100000.00,44100000,44100000.00,44100000.00,44100000.00,44100000.00,64,0,0.05,1386,adware
37613,8001,6,46321509,2,0.04,46300000.00,46300000.00,46300000,46300000.00,46300000.00,46300000.00,46300000.00,64,0,0.04,1386,adware
48279,8001,6,46321510,2,0.04,46300000.00,46300000.00,46300000,46300000.00,46300000.00,46300000.00,46300000.00,64,0,0.04,1386,adware
46755,8001,6,46321382,2,0.04,46300000.00,46300000.00,46300000,46300000.00,46300000.00,46300000.00,46300000.00,64,0,0.04,1386,adware
37813,8001,6,46321382,2,0.04,46300000.00,46300000.00,46300000,46300000.00,46300000.00,46300000.00,46300000.00,64,0,0.04,1386,adware
44999,8001,6,46321382,2,0.04,46300000.00,46300000.00,46300000,46300000.00,46300000.00,46300000.00,46300000.00,64,0,0.04,1386,adware
52878,8001,6,46321382,2,0.04,46300000.00,46300000.00,46300000,46300000.00,46300000.00,46300000.00,46300000.00,64,0,0.04,1386,adware
49669,8001,6,46321382,2,0.04,46300000.00,46300000.00,46300000,46300000.00,46300000.00,46300000.00,46300000.00,64,0,0.04,1386,adware
46702,8001,6,46321382,2,0.04,46300000.00,46300000.00,46300000,46300000.00,46300000.00,46300000.00,46300000.00,64,0,0.04,1386,adware
34129,8001,6,46321382,2,0.04,46300000.00,46300000.00,46300000,46300000.00,46300000.00,46300000.00,46300000.00,64,0,0.04,1386,adware
59017,8001,6,46322490,2,0.04,46300000.00,46300000.00,46300000,46300000.00,46300000.00,46300000.00,46300000.00,64,0,0.04,1386,adware
52894,8001,6,46637761,2,0.04,46600000.00,46600000.00,46600000,46600000.00,46600000.00,46600000.00,46600000.00,64,0,0.04,1386,adware
44927,8001,6,66072418,5,0.15,7341379.78,63900000.00,2,2160375.00,540093.75,724374.00,2.00,168,168,0.08,65535,adware
42586,8001,6,66088328,5,0.15,7343147.56,63900000.00,3,2157747.00,539436.75,724127.00,3.00,168,168,0.08,65535,adware
48650,8001,6,65898540,5,0.15,7322060.00,63800000.00,2,2082369.00,520592.25,722253.00,2.00,168,168,0.08,65535,adware
54000,8001,6,66075102,5,0.15,7341678.00,63900000.00,3,2168119.00,542029.75,729119.00,3.00,168,168,0.08,65535,adware
38471,8001,6,65897883,5,0.15,7321987.00,63800000.00,2,2093499.00,523374.75,729125.00,2.00,168,168,0.08,65535,adware
41838,8001,6,65943567,5,0.15,7327063.00,63800000.00,3,2102876.00,525719.00,725623.00,3.00,168,168,0.08,65535,adware
41547,8001,6,65911931,5,0.15,7323547.89,63800000.00,596,2093120.00,523280.00,722374.00,1876.00,168,168,0.08,65535,adware
49273,8001,6,65937418,5,0.15,7326379.78,63800000.00,3,2118120.00,529530.00,722125.00,3.00,168,168,0.08,65535,adware
33497,8001,6,65927995,5,0.15,7325332.78,63800000.00,3,2122622.00,530655.50,722877.00,3.00,168,168,0.08,65535,adware
50803,8001,6,65990763,5,0.15,7332307.00,63800000.00,2,2172496.00,543124.00,733620.00,2.00,168,168,0.08,65535,adware
39945,8001,6,65945832,5,0.15,7327314.67,63800000.00,2,2135250.00,533812.50,723251.00,2.00,168,168,0.08,65535,adware
56713,8001,6,66050841,5,0.15,7338982.33,63900000.00,3,2147367.00,536841.75,723125.00,3.00,168,168,0.08,65535,adware
48102,8001,6,66065058,5,0.14,8258132.25,63900000.00,2,2129619.00,532404.75,722375.00,2.00,168,136,0.08,65535,adware
56290,8001,6,47565510,6,0.21,5285056.67,45400000.00,2,47600000.00,9513102.00,45400000.00,2.00,200,136,0.13,65535,adware
48102,8001,6,41386016,2,0.05,41400000.00,41400000.00,41400000,41400000.00,41400000.00,41400000.00,41400000.00,64,0,0.05,1386,adware
56713,8001,6,101470267,2,0.02,101000000.00,101000000.00,101000000,101000000.00,101000000.00,101000000.00,101000000.00,64,0,0.02,1386,adware
44927,8001,6,2672863,2,0.75,2672863.00,2672863.00,2672863,2672863.00,2672863.00,2672863.00,2672863.00,64,0,0.75,1386,adware
42586,8001,6,2671752,2,0.75,2671752.00,2671752.00,2671752,2671752.00,2671752.00,2671752.00,2671752.00,64,0,0.75,1386,adware
39945,8001,6,2671752,2,0.75,2671752.00,2671752.00,2671752,2671752.00,2671752.00,2671752.00,2671752.00,64,0,0.75,1386,adware
48650,8001,6,2671752,2,0.75,2671752.00,2671752.00,2671752,2671752.00,2671752.00,2671752.00,2671752.00,64,0,0.75,1386,adware
50803,8001,6,2671751,2,0.75,2671751.00,2671751.00,2671751,2671751.00,2671751.00,2671751.00,2671751.00,64,0,0.75,1386,adware
54000,8001,6,2671751,2,0.75,2671751.00,2671751.00,2671751,2671751.00,2671751.00,2671751.00,2671751.00,64,0,0.75,1386,adware
33497,8001,6,2671751,2,0.75,2671751.00,2671751.00,2671751,2671751.00,2671751.00,2671751.00,2671751.00,64,0,0.75,1386,adware
49273,8001,6,2672857,2,0.75,2672857.00,2672857.00,2672857,2672857.00,2672857.00,2672857.00,2672857.00,64,0,0.75,1386,adware
41838,8001,6,2680854,2,0.75,2680854.00,2680854.00,2680854,2680854.00,2680854.00,2680854.00,2680854.00,64,0,0.75,1386,adware
41547,8001,6,2679252,2,0.75,2679252.00,2679252.00,2679252,2679252.00,2679252.00,2679252.00,2679252.00,64,0,0.75,1386,adware
38471,8001,6,2756609,2,0.73,2756609.00,2756609.00,2756609,2756609.00,2756609.00,2756609.00,2756609.00,64,0,0.73,1386,adware
48102,8001,6,5353499,2,0.37,5353499.00,5353499.00,5353499,5353499.00,5353499.00,5353499.00,5353499.00,64,0,0.37,1386,adware
56713,8001,6,5350125,2,0.37,5350125.00,5350125.00,5350125,5350125.00,5350125.00,5350125.00,5350125.00,64,0,0.37,1386,adware
44927,8001,6,10713010,2,0.19,10700000.00,10700000.00,10700000,10700000.00,10700000.00,10700000.00,10700000.00,64,0,0.19,1386,adware
42586,8001,6,10715621,2,0.19,10700000.00,10700000.00,10700000,10700000.00,10700000.00,10700000.00,10700000.00,64,0,0.19,1386,adware
39945,8001,6,10715622,2,0.19,10700000.00,10700000.00,10700000,10700000.00,10700000.00,10700000.00,10700000.00,64,0,0.19,1386,adware
48650,8001,6,10715621,2,0.19,10700000.00,10700000.00,10700000,10700000.00,10700000.00,10700000.00,10700000.00,64,0,0.19,1386,adware
50803,8001,6,10717240,2,0.19,10700000.00,10700000.00,10700000,10700000.00,10700000.00,10700000.00,10700000.00,64,0,0.19,1386,adware
54000,8001,6,10717240,2,0.19,10700000.00,10700000.00,10700000,10700000.00,10700000.00,10700000.00,10700000.00,64,0,0.19,1386,adware
33497,8001,6,10717240,2,0.19,10700000.00,10700000.00,10700000,10700000.00,10700000.00,10700000.00,10700000.00,64,0,0.19,1386,adware
49273,8001,6,10716259,2,0.19,10700000.00,10700000.00,10700000,10700000.00,10700000.00,10700000.00,10700000.00,64,0,0.19,1386,adware
41838,8001,6,10720127,2,0.19,10700000.00,10700000.00,10700000,10700000.00,10700000.00,10700000.00,10700000.00,64,0,0.19,1386,adware
41547,8001,6,10720127,2,0.19,10700000.00,10700000.00,10700000,10700000.00,10700000.00,10700000.00,10700000.00,64,0,0.19,1386,adware
38471,8001,6,11024625,2,0.18,11000000.00,11000000.00,11000000,11000000.00,11000000.00,11000000.00,11000000.00,64,0,0.18,1386,adware
48102,8001,6,21411005,2,0.09,21400000.00,21400000.00,21400000,21400000.00,21400000.00,21400000.00,21400000.00,64,0,0.09,1386,adware
56713,8001,6,21411006,2,0.09,21400000.00,21400000.00,21400000,21400000.00,21400000.00,21400000.00,21400000.00,64,0,0.09,1386,adware
56555,8001,6,66008731,5,0.15,7334303.44,63800000.00,2,2163373.00,540843.25,724252.00,2.00,168,168,0.08,65535,adware
44927,8001,6,42869258,2,0.05,42900000.00,42900000.00,42900000,42900000.00,42900000.00,42900000.00,42900000.00,64,0,0.05,1386,adware
42586,8001,6,42869382,2,0.05,42900000.00,42900000.00,42900000,42900000.00,42900000.00,42900000.00,42900000.00,64,0,0.05,1386,adware
39945,8001,6,42869382,2,0.05,42900000.00,42900000.00,42900000,42900000.00,42900000.00,42900000.00,42900000.00,64,0,0.05,1386,adware
48650,8001,6,42869382,2,0.05,42900000.00,42900000.00,42900000,42900000.00,42900000.00,42900000.00,42900000.00,64,0,0.05,1386,adware
50803,8001,6,42869382,2,0.05,42900000.00,42900000.00,42900000,42900000.00,42900000.00,42900000.00,42900000.00,64,0,0.05,1386,adware
54000,8001,6,42869382,2,0.05,42900000.00,42900000.00,42900000,42900000.00,42900000.00,42900000.00,42900000.00,64,0,0.05,1386,adware
33497,8001,6,42869382,2,0.05,42900000.00,42900000.00,42900000,42900000.00,42900000.00,42900000.00,42900000.00,64,0,0.05,1386,adware
49273,8001,6,42869382,2,0.05,42900000.00,42900000.00,42900000,42900000.00,42900000.00,42900000.00,42900000.00,64,0,0.05,1386,adware
41838,8001,6,42815019,2,0.05,42800000.00,42800000.00,42800000,42800000.00,42800000.00,42800000.00,42800000.00,64,0,0.05,1386,adware
41547,8001,6,42815019,2,0.05,42800000.00,42800000.00,42800000,42800000.00,42800000.00,42800000.00,42800000.00,64,0,0.05,1386,adware
38471,8001,6,44081009,2,0.05,44100000.00,44100000.00,44100000,44100000.00,44100000.00,44100000.00,44100000.00,64,0,0.05,1386,adware
53523,8001,6,65986333,5,0.15,7331814.78,63800000.00,3,2163377.00,540844.25,726127.00,3.00,168,168,0.08,65535,adware
36413,8001,6,65994065,5,0.15,7332673.89,63800000.00,3,2175126.00,543781.50,734500.00,3.00,168,168,0.08,65535,adware
39707,8001,6,65901477,5,0.15,7322386.33,63800000.00,3,2088121.00,522030.25,725126.00,3.00,168,168,0.08,65535,adware
56448,8001,6,65892871,5,0.15,7321430.11,64100000.00,2,1766245.00,441561.25,717622.00,2.00,168,168,0.08,65535,adware
37884,8001,6,65914378,5,0.15,7323819.78,63800000.00,2,2089371.00,522342.75,721375.00,2.00,168,168,0.08,65535,adware
46309,8001,6,65921382,5,0.15,7324598.00,63800000.00,2,2108870.00,527217.50,723125.00,2.00,168,168,0.08,65535,adware
52632,8001,6,65921127,5,0.15,7324569.67,63800000.00,3,2113120.00,528280.00,726125.00,3.00,168,168,0.08,65535,adware
52865,8001,6,66005206,5,0.15,7333911.78,63900000.00,4,2122373.00,530593.25,721379.00,4.00,168,168,0.08,65535,adware
49654,8001,6,65941125,5,0.15,7326791.67,63800000.00,3,2128994.00,532248.50,724877.00,3.00,168,168,0.08,65535,adware
46943,8001,6,65918008,5,0.15,7324223.11,63800000.00,2,2112243.00,528060.75,724626.00,2.00,168,168,0.08,65535,adware
35975,8001,6,66044576,5,0.15,7338286.22,63600000.00,2,2448745.00,612186.25,1022748.00,2.00,168,168,0.08,65535,adware
41267,8001,6,9498004,6,1.05,1055333.78,7344004.00,790,9498004.00,1899600.80,7344004.00,2749.00,200,136,0.63,65535,adware
35975,8001,6,3832006,2,0.52,3832006.00,3832006.00,3832006,3832006.00,3832006.00,3832006.00,3832006.00,64,0,0.52,1386,adware
56555,8001,6,2521371,2,0.79,2521371.00,2521371.00,2521371,2521371.00,2521371.00,2521371.00,2521371.00,64,0,0.79,1386,adware
33623,8001,6,2694872,2,0.74,2694872.00,2694872.00,2694872,2694872.00,2694872.00,2694872.00,2694872.00,64,0,0.74,1386,adware
53523,8001,6,2749742,2,0.73,2749742.00,2749742.00,2749742,2749742.00,2749742.00,2749742.00,2749742.00,64,0,0.73,1386,adware
39707,8001,6,2748627,2,0.73,2748627.00,2748627.00,2748627,2748627.00,2748627.00,2748627.00,2748627.00,64,0,0.73,1386,adware
56448,8001,6,2748627,2,0.73,2748627.00,2748627.00,2748627,2748627.00,2748627.00,2748627.00,2748627.00,64,0,0.73,1386,adware
37884,8001,6,2748629,2,0.73,2748629.00,2748629.00,2748629,2748629.00,2748629.00,2748629.00,2748629.00,64,0,0.73,1386,adware
46309,8001,6,2748629,2,0.73,2748629.00,2748629.00,2748629,2748629.00,2748629.00,2748629.00,2748629.00,64,0,0.73,1386,adware
52632,8001,6,2748629,2,0.73,2748629.00,2748629.00,2748629,2748629.00,2748629.00,2748629.00,2748629.00,64,0,0.73,1386,adware
52865,8001,6,2748629,2,0.73,2748629.00,2748629.00,2748629,2748629.00,2748629.00,2748629.00,2748629.00,64,0,0.73,1386,adware
49654,8001,6,2748629,2,0.73,2748629.00,2748629.00,2748629,2748629.00,2748629.00,2748629.00,2748629.00,64,0,0.73,1386,adware
46943,8001,6,2747646,2,0.73,2747646.00,2747646.00,2747646,2747646.00,2747646.00,2747646.00,2747646.00,64,0,0.73,1386,adware
36413,8001,6,2760127,2,0.72,2760127.00,2760127.00,2760127,2760127.00,2760127.00,2760127.00,2760127.00,64,0,0.72,1386,adware
56555,8001,6,10107255,2,0.20,10100000.00,10100000.00,10100000,10100000.00,10100000.00,10100000.00,10100000.00,64,0,0.20,1386,adware
33623,8001,6,10777252,2,0.19,10800000.00,10800000.00,10800000,10800000.00,10800000.00,10800000.00,10800000.00,64,0,0.19,1386,adware
53523,8001,6,11047880,2,0.18,11000000.00,11000000.00,11000000,11000000.00,11000000.00,11000000.00,11000000.00,64,0,0.18,1386,adware
39707,8001,6,11047881,2,0.18,11000000.00,11000000.00,11000000,11000000.00,11000000.00,11000000.00,11000000.00,64,0,0.18,1386,adware
56448,8001,6,11047881,2,0.18,11000000.00,11000000.00,11000000,11000000.00,11000000.00,11000000.00,11000000.00,64,0,0.18,1386,adware
37884,8001,6,11048868,2,0.18,11000000.00,11000000.00,11000000,11000000.00,11000000.00,11000000.00,11000000.00,64,0,0.18,1386,adware
46309,8001,6,11048869,2,0.18,11000000.00,11000000.00,11000000,11000000.00,11000000.00,11000000.00,11000000.00,64,0,0.18,1386,adware
52632,8001,6,11048869,2,0.18,11000000.00,11000000.00,11000000,11000000.00,11000000.00,11000000.00,11000000.00,64,0,0.18,1386,adware
52865,8001,6,11048869,2,0.18,11000000.00,11000000.00,11000000,11000000.00,11000000.00,11000000.00,11000000.00,64,0,0.18,1386,adware
49654,8001,6,11048869,2,0.18,11000000.00,11000000.00,11000000,11000000.00,11000000.00,11000000.00,11000000.00,64,0,0.18,1386,adware
46943,8001,6,11048869,2,0.18,11000000.00,11000000.00,11000000,11000000.00,11000000.00,11000000.00,11000000.00,64,0,0.18,1386,adware
36413,8001,6,11057500,2,0.18,11100000.00,11100000.00,11100000,11100000.00,11100000.00,11100000.00,11100000.00,64,0,0.18,1386,adware
56555,8001,6,40391007,2,0.05,40400000.00,40400000.00,40400000,40400000.00,40400000.00,40400000.00,40400000.00,64,0,0.05,1386,adware
33623,8001,6,43124758,2,0.05,43100000.00,43100000.00,43100000,43100000.00,43100000.00,43100000.00,43100000.00,64,0,0.05,1386,adware
53523,8001,6,44080006,2,0.05,44100000.00,44100000.00,44100000,44100000.00,44100000.00,44100000.00,44100000.00,64,0,0.05,1386,adware
39707,8001,6,44080006,2,0.05,44100000.00,44100000.00,44100000,44100000.00,44100000.00,44100000.00,44100000.00,64,0,0.05,1386,adware
56448,8001,6,44080006,2,0.05,44100000.00,44100000.00,44100000,44100000.00,44100000.00,44100000.00,44100000.00,64,0,0.05,1386,adware
37884,8001,6,44079882,2,0.05,44100000.00,44100000.00,44100000,44100000.00,44100000.00,44100000.00,44100000.00,64,0,0.05,1386,adware
46309,8001,6,44079882,2,0.05,44100000.00,44100000.00,44100000,44100000.00,44100000.00,44100000.00,44100000.00,64,0,0.05,1386,adware
52632,8001,6,44079882,2,0.05,44100000.00,44100000.00,44100000,44100000.00,44100000.00,44100000.00,44100000.00,64,0,0.05,1386,adware
52865,8001,6,44079882,2,0.05,44100000.00,44100000.00,44100000,44100000.00,44100000.00,44100000.00,44100000.00,64,0,0.05,1386,adware
49654,8001,6,44079882,2,0.05,44100000.00,44100000.00,44100000,44100000.00,44100000.00,44100000.00,44100000.00,64,0,0.05,1386,adware
46943,8001,6,44079882,2,0.05,44100000.00,44100000.00,44100000,44100000.00,44100000.00,44100000.00,44100000.00,64,0,0.05,1386,adware
36413,8001,6,44328513,2,0.05,44300000.00,44300000.00,44300000,44300000.00,44300000.00,44300000.00,44300000.00,64,0,0.05,1386,adware
45965,8001,6,65983511,5,0.15,7331501.22,63800000.00,3,2165241.00,541310.25,726376.00,3.00,168,168,0.08,65535,adware
37204,8001,6,65940237,5,0.15,7326693.00,63800000.00,3,2121871.00,530467.75,724252.00,3.00,168,168,0.08,65535,adware
44067,8001,6,65988891,5,0.15,7332099.00,63800000.00,3,2171871.00,542967.75,732117.00,3.00,168,168,0.08,65535,adware
34641,8001,6,65895408,5,0.15,7321712.00,63800000.00,2,2084492.00,521123.00,724375.00,2.00,168,168,0.08,65535,adware
53915,8001,6,65907926,5,0.15,7323102.89,63800000.00,4,2090369.00,522592.25,724125.00,4.00,168,168,0.08,65535,adware
45412,8001,6,65897527,5,0.15,7321947.44,63800000.00,2,2086744.00,521686.00,722626.00,2.00,168,168,0.08,65535,adware
53254,8001,6,65922819,4,0.14,8240352.38,64500000.00,3,1388375.00,462791.67,730373.00,3.00,136,168,0.06,65535,adware
53687,8001,6,65661557,5,0.15,7295728.56,63900000.00,4,1786121.00,446530.25,719501.00,4.00,168,168,0.08,65535,adware
43597,8001,6,65853138,5,0.15,7317015.33,63800000.00,4,2074620.00,518655.00,723500.00,4.00,168,168,0.08,65535,adware
49735,8001,6,65945037,5,0.15,7327226.33,63300000.00,2,2677745.00,669436.25,1229624.00,2.00,168,168,0.08,65535,adware
40646,8001,6,65893798,5,0.15,7321533.11,63800000.00,2,2115126.00,528781.50,722383.00,2.00,168,168,0.08,65535,adware
49471,8001,6,65907642,5,0.15,7323071.33,63800000.00,2,2118994.00,529748.50,724249.00,2.00,168,168,0.08,65535,adware
47928,8001,6,65953262,5,0.15,7328140.22,63800000.00,3,2111875.00,527968.75,723123.00,3.00,168,168,0.08,65535,adware
51778,8001,6,65953263,5,0.15,7328140.33,63800000.00,3,2131874.00,532968.50,723500.00,3.00,168,168,0.08,65535,adware
50331,8001,6,65954051,5,0.15,7328227.89,63800000.00,3,2141496.00,535374.00,723378.00,3.00,168,168,0.08,65535,adware
39112,8001,6,55643888,6,0.18,6182654.22,53500000.00,2,55600000.00,11100000.00,53500000.00,2.00,200,136,0.11,65535,adware
50331,8001,6,49489628,2,0.04,49500000.00,49500000.00,49500000,49500000.00,49500000.00,49500000.00,49500000.00,64,0,0.04,1386,adware
51778,8001,6,109499898,2,0.02,109000000.00,109000000.00,109000000,109000000.00,109000000.00,109000000.00,109000000.00,64,0,0.02,1386,adware
45965,8001,6,2535375,2,0.79,2535375.00,2535375.00,2535375,2535375.00,2535375.00,2535375.00,2535375.00,64,0,0.79,1386,adware
37204,8001,6,2543237,2,0.79,2543237.00,2543237.00,2543237,2543237.00,2543237.00,2543237.00,2543237.00,64,0,0.79,1386,adware
34641,8001,6,2542124,2,0.79,2542124.00,2542124.00,2542124,2542124.00,2542124.00,2542124.00,2542124.00,64,0,0.79,1386,adware
47928,8001,6,2542124,2,0.79,2542124.00,2542124.00,2542124,2542124.00,2542124.00,2542124.00,2542124.00,64,0,0.79,1386,adware
53915,8001,6,2543864,2,0.79,2543864.00,2543864.00,2543864,2543864.00,2543864.00,2543864.00,2543864.00,64,0,0.79,1386,adware
49471,8001,6,2543864,2,0.79,2543864.00,2543864.00,2543864,2543864.00,2543864.00,2543864.00,2543864.00,64,0,0.79,1386,adware
45412,8001,6,2542380,2,0.79,2542380.00,2542380.00,2542380,2542380.00,2542380.00,2542380.00,2542380.00,64,0,0.79,1386,adware
40646,8001,6,2542381,2,0.79,2542381.00,2542381.00,2542381,2542381.00,2542381.00,2542381.00,2542381.00,64,0,0.79,1386,adware
53687,8001,6,2542375,2,0.79,2542375.00,2542375.00,2542375,2542375.00,2542375.00,2542375.00,2542375.00,64,0,0.79,1403,adware
53254,8001,6,2549494,2,0.78,2549494.00,2549494.00,2549494,2549494.00,2549494.00,2549494.00,2549494.00,64,0,0.78,1386,adware
43597,8001,6,2549494,2,0.78,2549494.00,2549494.00,2549494,2549494.00,2549494.00,2549494.00,2549494.00,64,0,0.78,1386,adware
44067,8001,6,2573622,2,0.78,2573622.00,2573622.00,2573622,2573622.00,2573622.00,2573622.00,2573622.00,64,0,0.78,1386,adware
49735,8001,6,2663624,2,0.75,2663624.00,2663624.00,2663624,2663624.00,2663624.00,2663624.00,2663624.00,64,0,0.75,1386,adware
50331,8001,6,5109877,2,0.39,5109877.00,5109877.00,5109877,5109877.00,5109877.00,5109877.00,5109877.00,64,0,0.39,1386,adware
51778,8001,6,5109877,2,0.39,5109877.00,5109877.00,5109877,5109877.00,5109877.00,5109877.00,5109877.00,64,0,0.39,1386,adware
53687,8001,6,10179122,2,0.20,10200000.00,10200000.00,10200000,10200000.00,10200000.00,10200000.00,10200000.00,64,0,0.20,1403,adware
45965,8001,6,10206499,2,0.20,10200000.00,10200000.00,10200000,10200000.00,10200000.00,10200000.00,10200000.00,64,0,0.20,1386,adware
37204,8001,6,10220250,2,0.20,10200000.00,10200000.00,10200000,10200000.00,10200000.00,10200000.00,10200000.00,64,0,0.20,1386,adware
34641,8001,6,10220250,2,0.20,10200000.00,10200000.00,10200000,10200000.00,10200000.00,10200000.00,10200000.00,64,0,0.20,1386,adware
47928,8001,6,10220250,2,0.20,10200000.00,10200000.00,10200000,10200000.00,10200000.00,10200000.00,10200000.00,64,0,0.20,1386,adware
53915,8001,6,10220250,2,0.20,10200000.00,10200000.00,10200000,10200000.00,10200000.00,10200000.00,10200000.00,64,0,0.20,1386,adware
49471,8001,6,10220250,2,0.20,10200000.00,10200000.00,10200000,10200000.00,10200000.00,10200000.00,10200000.00,64,0,0.20,1386,adware
45412,8001,6,10220250,2,0.20,10200000.00,10200000.00,10200000,10200000.00,10200000.00,10200000.00,10200000.00,64,0,0.20,1386,adware
40646,8001,6,10220250,2,0.20,10200000.00,10200000.00,10200000,10200000.00,10200000.00,10200000.00,10200000.00,64,0,0.20,1386,adware
53254,8001,6,10211270,2,0.20,10200000.00,10200000.00,10200000,10200000.00,10200000.00,10200000.00,10200000.00,64,0,0.20,1386,adware
43597,8001,6,10212249,2,0.20,10200000.00,10200000.00,10200000,10200000.00,10200000.00,10200000.00,10200000.00,64,0,0.20,1386,adware
44067,8001,6,10299496,2,0.19,10300000.00,10300000.00,10300000,10300000.00,10300000.00,10300000.00,10300000.00,64,0,0.19,1386,adware
49735,8001,6,10678500,2,0.19,10700000.00,10700000.00,10700000,10700000.00,10700000.00,10700000.00,10700000.00,64,0,0.19,1386,adware
50331,8001,6,20440379,2,0.10,20400000.00,20400000.00,20400000,20400000.00,20400000.00,20400000.00,20400000.00,64,0,0.10,1386,adware
51778,8001,6,20440379,2,0.10,20400000.00,20400000.00,20400000,20400000.00,20400000.00,20400000.00,20400000.00,64,0,0.10,1386,adware
45587,8001,6,65969546,4,0.14,8246193.25,65000000.00,2,978622.00,326207.33,717746.00,2.00,136,168,0.06,65535,adware
53687,8001,6,40712507,2,0.05,40700000.00,40700000.00,40700000,40700000.00,40700000.00,40700000.00,40700000.00,64,0,0.05,1403,adware
45965,8001,6,40888386,2,0.05,40900000.00,40900000.00,40900000,40900000.00,40900000.00,40900000.00,40900000.00,64,0,0.05,1386,adware
37204,8001,6,40925009,2,0.05,40900000.00,40900000.00,40900000,40900000.00,40900000.00,40900000.00,40900000.00,64,0,0.05,1386,adware
34641,8001,6,40925009,2,0.05,40900000.00,40900000.00,40900000,40900000.00,40900000.00,40900000.00,40900000.00,64,0,0.05,1386,adware
47928,8001,6,40925009,2,0.05,40900000.00,40900000.00,40900000,40900000.00,40900000.00,40900000.00,40900000.00,64,0,0.05,1386,adware
53915,8001,6,40925009,2,0.05,40900000.00,40900000.00,40900000,40900000.00,40900000.00,40900000.00,40900000.00,64,0,0.05,1386,adware
49471,8001,6,40925009,2,0.05,40900000.00,40900000.00,40900000,40900000.00,40900000.00,40900000.00,40900000.00,64,0,0.05,1386,adware
45412,8001,6,40925009,2,0.05,40900000.00,40900000.00,40900000,40900000.00,40900000.00,40900000.00,40900000.00,64,0,0.05,1386,adware
40646,8001,6,40925009,2,0.05,40900000.00,40900000.00,40900000,40900000.00,40900000.00,40900000.00,40900000.00,64,0,0.05,1386,adware
53254,8001,6,40924027,2,0.05,40900000.00,40900000.00,40900000,40900000.00,40900000.00,40900000.00,40900000.00,64,0,0.05,1386,adware
43597,8001,6,40925128,2,0.05,40900000.00,40900000.00,40900000,40900000.00,40900000.00,40900000.00,40900000.00,64,0,0.05,1386,adware
44067,8001,6,41200631,2,0.05,41200000.00,41200000.00,41200000,41200000.00,41200000.00,41200000.00,41200000.00,64,0,0.05,1386,adware
49735,8001,6,42720757,2,0.05,42700000.00,42700000.00,42700000,42700000.00,42700000.00,42700000.00,42700000.00,64,0,0.05,1386,adware
54216,8001,6,65973095,5,0.15,7330343.89,63800000.00,3,2166495.00,541623.75,725127.00,3.00,168,168,0.08,65535,adware
59247,8001,6,65965902,5,0.15,7329544.67,63800000.00,3,2156871.00,539217.75,724002.00,3.00,168,168,0.08,65535,adware
56312,8001,6,2055082,4,3.41,342513.67,1000124.00,3,1714746.00,571582.00,1000124.00,3.00,144,80,1.95,65535,adware
42135,8001,6,2065329,4,3.39,344221.50,1012883.00,2,1725253.00,575084.33,1012883.00,2.00,144,80,1.94,65535,adware
53604,8001,6,2076121,5,4.34,259515.13,476512.00,2,2076121.00,519030.25,725002.00,2.00,168,136,2.41,65535,adware
57978,5228,6,46369,2,64.70,23184.50,41840.00,4529,46369.00,46369.00,46369.00,46369.00,64,32,43.13,1386,adware
57978,5228,6,43874,2,68.38,21937.00,41598.00,2276,43874.00,43874.00,43874.00,43874.00,64,32,45.59,1386,adware
57978,5228,6,43495,2,68.97,21747.50,41591.00,1904,43495.00,43495.00,43495.00,43495.00,64,32,45.98,1386,adware
57978,5228,6,44119,2,68.00,22059.50,41504.00,2615,44119.00,44119.00,44119.00,44119.00,64,32,45.33,1386,adware
57978,5228,6,44370,2,67.61,22185.00,41654.00,2716,44370.00,44370.00,44370.00,44370.00,64,32,45.08,1386,adware
57978,5228,6,45121,2,66.49,22560.50,42550.00,2571,45121.00,45121.00,45121.00,45121.00,64,32,44.33,1386,adware
41488,5228,6,46250,2,64.86,23125.00,42060.00,4190,46250.00,46250.00,46250.00,46250.00,64,32,43.24,1547,adware
41488,5228,6,49369,2,60.77,24684.50,42067.00,7302,49369.00,49369.00,49369.00,49369.00,64,32,40.51,1547,adware
41488,5228,6,58871,2,50.96,29435.50,41645.00,17226,58871.00,58871.00,58871.00,58871.00,64,32,33.97,1547,adware
41488,5228,6,44623,2,67.23,22311.50,42030.00,2593,44623.00,44623.00,44623.00,44623.00,64,32,44.82,1547,adware
41488,5228,6,44746,2,67.05,22373.00,42378.00,2368,44746.00,44746.00,44746.00,44746.00,64,32,44.70,1547,adware
41488,5228,6,47120,2,63.67,23560.00,42448.00,4672,47120.00,47120.00,47120.00,47120.00,64,32,42.44,1547,adware
60439,443,6,209501,10,90.69,11638.94,55622.00,2,209501.00,23277.89,104999.00,2.00,328,296,47.73,65535,adware
60439,443,6,222984,1,8.97,222984.00,222984.00,222984,0.00,0.00,0.00,0.00,32,32,4.48,251,adware
57902,443,6,1249,4,3202.56,416.33,1244.00,2,1249.00,416.33,1244.00,2.00,128,0,3202.56,1589,adware
57902,443,6,457124,2,4.38,457124.00,457124.00,457124,457124.00,457124.00,457124.00,457124.00,64,0,4.38,1589,adware
57902,443,6,1850006,2,1.08,1850006.00,1850006.00,1850006,1850006.00,1850006.00,1850006.00,1850006.00,64,0,1.08,1589,adware
57902,443,6,7380755,2,0.27,7380755.00,7380755.00,7380755,7380755.00,7380755.00,7380755.00,7380755.00,64,0,0.27,1589,adware
57902,443,6,29479880,2,0.07,29500000.00,29500000.00,29500000,29500000.00,29500000.00,29500000.00,29500000.00,64,0,0.07,1589,adware
50957,443,6,1026629,12,25.33,41065.16,168738.00,2,1026629.00,93329.91,247375.00,2.00,392,456,11.69,65535,adware
38753,443,6,257125,11,81.67,12856.25,62001.00,2,257125.00,25712.50,97621.00,2.00,360,328,42.78,65535,adware
38753,443,6,239918,1,8.34,239918.00,239918.00,239918,0.00,0.00,0.00,0.00,32,32,4.17,361,adware
50957,443,6,368110,1,5.43,368110.00,368110.00,368110,0.00,0.00,0.00,0.00,32,32,2.72,361,adware
53851,443,6,1505374,35,37.20,27370.44,110500.00,2,1505374.00,44275.71,110500.00,2.00,1128,680,23.25,65535,adware
53851,443,6,249434,1,8.02,249434.00,249434.00,249434,0.00,0.00,0.00,0.00,32,32,4.01,607,adware
53851,443,6,90154397,9,0.10,11300000.00,59600000.00,231121,90200000.00,11300000.00,59600000.00,231121.00,300,0,0.10,1961,adware
50957,443,6,107971646,9,0.08,13500000.00,59600000.00,365498,108000000.00,13500000.00,59600000.00,365498.00,300,0,0.08,1627,adware
53851,443,6,61599885,2,0.03,61600000.00,61600000.00,61600000,61600000.00,61600000.00,61600000.00,61600000.00,64,0,0.03,1961,adware
50957,443,6,97439391,2,0.02,97400000.00,97400000.00,97400000,97400000.00,97400000.00,97400000.00,97400000.00,64,0,0.02,1627,adware
59002,443,6,953002,25,41.97,24435.95,152375.00,2,953002.00,39708.42,152375.00,2.00,808,488,26.23,65535,adware
59002,443,6,245258,1,8.15,245258.00,245258.00,245258,0.00,0.00,0.00,0.00,32,32,4.08,494,adware
59002,443,6,31961,1,62.58,31961.00,31961.00,31961,0.00,0.00,0.00,0.00,44,32,31.29,1752,adware
59002,443,6,90069522,9,0.10,11300000.00,59500000.00,229375,90100000.00,11300000.00,59500000.00,229375.00,300,0,0.10,1752,adware
59002,443,6,61601882,2,0.03,61600000.00,61600000.00,61600000,61600000.00,61600000.00,61600000.00,61600000.00,64,0,0.03,1752,adware
48816,443,6,1040626,27,42.28,24200.60,63248.00,2,1040626.00,40024.08,98750.00,2.00,872,552,25.95,65535,adware
48816,443,6,91860445,10,0.11,10200000.00,59900000.00,136799,91900000.00,10200000.00,59900000.00,136799.00,320,0,0.11,534,adware
48816,443,6,64163637,2,0.03,64200000.00,64200000.00,64200000,64200000.00,64200000.00,64200000.00,64200000.00,64,0,0.03,1836,adware
54872,443,6,997876,23,38.08,26969.62,125749.00,2,997876.00,45358.00,125749.00,2.00,744,488,23.05,65535,adware
54872,443,6,250903,1,7.97,250903.00,250903.00,250903,0.00,0.00,0.00,0.00,32,32,3.99,494,adware
54872,443,6,90199896,9,0.10,11300000.00,59600000.00,235372,90200000.00,11300000.00,59600000.00,235372.00,300,0,0.10,1752,adware
54872,443,6,61524885,2,0.03,61500000.00,61500000.00,61500000,61500000.00,61500000.00,61500000.00,61500000.00,64,0,0.03,1752,adware
4994,53,17,1167,1,1713.80,1167.00,1167.00,1167,0.00,0.00,0.00,0.00,8,8,856.90,-1,adware
40977,53,17,601,1,3327.79,601.00,601.00,601,0.00,0.00,0.00,0.00,8,8,1663.89,-1,adware
39905,53,17,1238,1,1615.51,1238.00,1238.00,1238,0.00,0.00,0.00,0.00,8,8,807.75,-1,adware
21748,53,17,542,1,3690.04,542.00,542.00,542,0.00,0.00,0.00,0.00,8,8,1845.02,-1,adware
63005,53,17,1242,1,1610.31,1242.00,1242.00,1242,0.00,0.00,0.00,0.00,8,8,805.15,-1,adware
31396,53,17,564,1,3546.10,564.00,564.00,564,0.00,0.00,0.00,0.00,8,8,1773.05,-1,adware
29363,53,17,533,1,3752.35,533.00,533.00,533,0.00,0.00,0.00,0.00,8,8,1876.17,-1,adware
25179,53,17,363991,1,5.49,363991.00,363991.00,363991,0.00,0.00,0.00,0.00,8,8,2.75,-1,adware
41984,53,17,681,1,2936.86,681.00,681.00,681,0.00,0.00,0.00,0.00,8,8,1468.43,-1,adware
43372,53,17,1322,1,1512.86,1322.00,1322.00,1322,0.00,0.00,0.00,0.00,8,8,756.43,-1,adware
31287,53,17,279632,1,7.15,279632.00,279632.00,279632,0.00,0.00,0.00,0.00,8,8,3.58,-1,adware
39055,53,17,243723,1,8.21,243723.00,243723.00,243723,0.00,0.00,0.00,0.00,8,8,4.10,-1,adware
33787,53,17,562,1,3558.72,562.00,562.00,562,0.00,0.00,0.00,0.00,8,8,1779.36,-1,adware
38798,53,17,628,1,3184.71,628.00,628.00,628,0.00,0.00,0.00,0.00,8,8,1592.36,-1,adware
1579,53,17,531,1,3766.48,531.00,531.00,531,0.00,0.00,0.00,0.00,8,8,1883.24,-1,adware
14028,53,17,364011,1,5.49,364011.00,364011.00,364011,0.00,0.00,0.00,0.00,8,8,2.75,-1,adware
38664,53,17,476,1,4201.68,476.00,476.00,476,0.00,0.00,0.00,0.00,8,8,2100.84,-1,adware
46344,53,17,1631,1,1226.24,1631.00,1631.00,1631,0.00,0.00,0.00,0.00,8,8,613.12,-1,adware
45568,53,17,529,1,3780.72,529.00,529.00,529,0.00,0.00,0.00,0.00,8,8,1890.36,-1,adware
58708,53,17,642,1,3115.26,642.00,642.00,642,0.00,0.00,0.00,0.00,8,8,1557.63,-1,adware
48921,53,17,1083438,1,1.85,1083438.00,1083438.00,1083438,0.00,0.00,0.00,0.00,8,8,0.92,-1,adware
50387,53,17,588,1,3401.36,588.00,588.00,588,0.00,0.00,0.00,0.00,8,8,1700.68,-1,adware
1687,53,17,547,1,3656.31,547.00,547.00,547,0.00,0.00,0.00,0.00,8,8,1828.15,-1,adware
50289,53,17,302881,1,6.60,302881.00,302881.00,302881,0.00,0.00,0.00,0.00,8,8,3.30,-1,adware
29943,53,17,577,1,3466.20,577.00,577.00,577,0.00,0.00,0.00,0.00,8,8,1733.10,-1,adware
26507,53,17,574,1,3484.32,574.00,574.00,574,0.00,0.00,0.00,0.00,8,8,1742.16,-1,adware
37458,53,17,480,1,4166.67,480.00,480.00,480,0.00,0.00,0.00,0.00,8,8,2083.33,-1,adware
43393,53,17,527,1,3795.07,527.00,527.00,527,0.00,0.00,0.00,0.00,8,8,1897.53,-1,adware
29859,53,17,1323,1,1511.72,1323.00,1323.00,1323,0.00,0.00,0.00,0.00,8,8,755.86,-1,adware
42222,53,17,1057,1,1892.15,1057.00,1057.00,1057,0.00,0.00,0.00,0.00,8,8,946.07,-1,adware
16893,53,17,527,1,3795.07,527.00,527.00,527,0.00,0.00,0.00,0.00,8,8,1897.53,-1,adware
16135,53,17,1242,1,1610.31,1242.00,1242.00,1242,0.00,0.00,0.00,0.00,8,8,805.15,-1,adware
12307,53,17,477,1,4192.87,477.00,477.00,477,0.00,0.00,0.00,0.00,8,8,2096.44,-1,adware
46593,53,17,1317,1,1518.60,1317.00,1317.00,1317,0.00,0.00,0.00,0.00,8,8,759.30,-1,adware
21619,53,17,652,1,3067.48,652.00,652.00,652,0.00,0.00,0.00,0.00,8,8,1533.74,-1,adware
24322,53,17,573,1,3490.40,573.00,573.00,573,0.00,0.00,0.00,0.00,8,8,1745.20,-1,adware
1466,53,17,562,1,3558.72,562.00,562.00,562,0.00,0.00,0.00,0.00,8,8,1779.36,-1,adware
33703,53,17,551,1,3629.76,551.00,551.00,551,0.00,0.00,0.00,0.00,8,8,1814.88,-1,adware
57585,53,17,550290,1,3.63,550290.00,550290.00,550290,0.00,0.00,0.00,0.00,8,8,1.82,-1,adware
62713,53,17,669,1,2989.54,669.00,669.00,669,0.00,0.00,0.00,0.00,8,8,1494.77,-1,adware
24010,53,17,349136,1,5.73,349136.00,349136.00,349136,0.00,0.00,0.00,0.00,8,8,2.86,-1,adware
17356,53,17,3717,1,538.07,3717.00,3717.00,3717,0.00,0.00,0.00,0.00,8,8,269.03,-1,adware
30807,53,17,1221,1,1638.00,1221.00,1221.00,1221,0.00,0.00,0.00,0.00,8,8,819.00,-1,adware
14565,53,17,568,1,3521.13,568.00,568.00,568,0.00,0.00,0.00,0.00,8,8,1760.56,-1,adware
61981,53,17,533,1,3752.35,533.00,533.00,533,0.00,0.00,0.00,0.00,8,8,1876.17,-1,adware
48626,53,17,593,1,3372.68,593.00,593.00,593,0.00,0.00,0.00,0.00,8,8,1686.34,-1,adware
44099,53,17,274043,1,7.30,274043.00,274043.00,274043,0.00,0.00,0.00,0.00,8,8,3.65,-1,adware
58465,53,17,540,1,3703.70,540.00,540.00,540,0.00,0.00,0.00,0.00,8,8,1851.85,-1,adware
42121,53,17,266466,1,7.51,266466.00,266466.00,266466,0.00,0.00,0.00,0.00,8,8,3.75,-1,adware
5553,53,17,2611,1,765.99,2611.00,2611.00,2611,0.00,0.00,0.00,0.00,8,8,383.00,-1,adware
10305,53,17,9990,1,200.20,9990.00,9990.00,9990,0.00,0.00,0.00,0.00,8,8,100.10,-1,adware
5893,53,17,255337,1,7.83,255337.00,255337.00,255337,0.00,0.00,0.00,0.00,8,8,3.92,-1,adware
54900,53,17,463,1,4319.65,463.00,463.00,463,0.00,0.00,0.00,0.00,8,8,2159.83,-1,adware
10820,53,17,462,1,4329.00,462.00,462.00,462,0.00,0.00,0.00,0.00,8,8,2164.50,-1,adware
53738,53,17,540,1,3703.70,540.00,540.00,540,0.00,0.00,0.00,0.00,8,8,1851.85,-1,adware
33900,53,17,1060,1,1886.79,1060.00,1060.00,1060,0.00,0.00,0.00,0.00,8,8,943.40,-1,adware
22902,53,17,667,1,2998.50,667.00,667.00,667,0.00,0.00,0.00,0.00,8,8,1499.25,-1,adware